,year,config,Berth,Navi,Moni,NaviCrew,EngiCrew,Cook,crew_cost,store_cost,maintenance_cost,insurance_cost,general_cost,dock_cost,material_cost,integrate_cost,port_call,fuel_cost_ME,fuel_cost_AE,SCC_Capex,SCC_Opex,SCC_Personal,Mnt_in_port,subsidy
0,2022,Config0,0,0,0,4,14,2,945000.0,289000,289000.0,289000,289000,289000,906667.0,453333.0,600000,1840000,280000,0.0,0.0,0.0,0,0
1,2022,Config1,1,0,0,4,14,2,945000.0,289000,289000.0,289000,289000,289000,906667.0,543999.6,540000,1840000,280000,0.0,0.0,0.0,0,0
2,2022,Config2,0,1,0,4,14,2,760725.0,289000,282300.0,289000,289000,289000,889667.0,543999.6,600000,1840000,280000,23444.5,11180.5,132889.0,0,0
3,2022,Config3,0,2,0,4,14,2,576450.0,289000,275600.0,289000,289000,289000,872667.0,634666.2,600000,1840000,280000,46889.0,22361.0,265778.0,0,0
4,2022,Config4,0,0,1,4,14,2,415800.0,289000,242100.0,289000,289000,289000,872667.0,543999.6,600000,1840000,280000,46889.0,22361.0,265778.0,155250,0
5,2022,Config5,1,1,0,4,14,2,760725.0,289000,282300.0,289000,289000,289000,889667.0,634666.2,540000,1840000,280000,23444.5,11180.5,132889.0,0,0
6,2022,Config6,1,2,0,4,14,2,576450.0,289000,275600.0,289000,289000,289000,872667.0,725332.7999999999,540000,1840000,280000,46889.0,22361.0,265778.0,0,0
7,2022,Config7,1,0,1,4,14,2,415800.0,289000,242100.0,289000,289000,289000,872667.0,634666.2,540000,1840000,280000,46889.0,22361.0,265778.0,155250,0
8,2022,Config8,0,1,1,4,14,2,231525.0,289000,235400.0,289000,289000,289000,855667.0,634666.2,600000,1840000,280000,70333.5,33541.5,398667.0,155250,0
9,2022,Config9,0,2,1,4,14,2,47250.0,289000,228700.0,289000,289000,289000,838667.0,725332.7999999999,600000,1840000,280000,93778.0,44722.0,531556.0,155250,0
10,2022,Config10,1,1,1,4,14,2,231525.0,289000,235400.0,289000,289000,289000,855667.0,725332.7999999999,540000,1840000,280000,70333.5,33541.5,398667.0,155250,0
11,2022,Config11,1,2,1,4,14,2,47250.0,289000,228700.0,289000,289000,289000,838667.0,815999.3999999999,540000,1840000,280000,93778.0,44722.0,531556.0,155250,0
0,2023,Config0,0,0,0,4,14,2,945000.0,289000,289000.0,289000,289000,289000,906667.0,453333.0,600000,1840000,280000,0.0,0.0,0.0,0,0
1,2023,Config1,1,0,0,4,14,2,945000.0,289000,289000.0,289000,289000,289000,906667.0,543999.6,540000,1840000,280000,0.0,0.0,0.0,0,0
2,2023,Config2,0,1,0,4,14,2,760725.0,289000,282300.0,289000,289000,289000,889667.0,543999.6,600000,1840000,280000,23444.5,11180.5,132889.0,0,0
3,2023,Config3,0,2,0,4,14,2,576450.0,289000,275600.0,289000,289000,289000,872667.0,634666.2,600000,1840000,280000,46889.0,22361.0,265778.0,0,0
4,2023,Config4,0,0,1,4,14,2,415800.0,289000,242100.0,289000,289000,289000,872667.0,543999.6,600000,1840000,280000,46889.0,22361.0,265778.0,155250,0
5,2023,Config5,1,1,0,4,14,2,760725.0,289000,282300.0,289000,289000,289000,889667.0,634666.2,540000,1840000,280000,23444.5,11180.5,132889.0,0,0
6,2023,Config6,1,2,0,4,14,2,576450.0,289000,275600.0,289000,289000,289000,872667.0,725332.7999999999,540000,1840000,280000,46889.0,22361.0,265778.0,0,0
7,2023,Config7,1,0,1,4,14,2,415800.0,289000,242100.0,289000,289000,289000,872667.0,634666.2,540000,1840000,280000,46889.0,22361.0,265778.0,155250,0
8,2023,Config8,0,1,1,4,14,2,231525.0,289000,235400.0,289000,289000,289000,855667.0,634666.2,600000,1840000,280000,70333.5,33541.5,398667.0,155250,0
9,2023,Config9,0,2,1,4,14,2,47250.0,289000,228700.0,289000,289000,289000,838667.0,725332.7999999999,600000,1840000,280000,93778.0,44722.0,531556.0,155250,0
10,2023,Config10,1,1,1,4,14,2,231525.0,289000,235400.0,289000,289000,289000,855667.0,725332.7999999999,540000,1840000,280000,70333.5,33541.5,398667.0,155250,0
11,2023,Config11,1,2,1,4,14,2,47250.0,289000,228700.0,289000,289000,289000,838667.0,815999.3999999999,540000,1840000,280000,93778.0,44722.0,531556.0,155250,0
0,2024,Config0,0,0,0,4,14,2,945000.0,289000,289000.0,289000,289000,289000,906667.0,453333.0,600000,1840000,280000,0.0,0.0,0.0,0,0
1,2024,Config1,1,0,0,4,14,2,945000.0,289000,289000.0,289000,289000,289000,906667.0,543999.6,540000,1840000,280000,0.0,0.0,0.0,0,0
2,2024,Config2,0,1,0,4,14,2,760725.0,289000,282300.0,289000,289000,289000,889667.0,543999.6,600000,1840000,280000,23444.5,11180.5,132889.0,0,0
3,2024,Config3,0,2,0,4,14,2,576450.0,289000,275600.0,289000,289000,289000,872667.0,634666.2,600000,1840000,280000,46889.0,22361.0,265778.0,0,0
4,2024,Config4,0,0,1,4,14,2,415800.0,289000,242100.0,289000,289000,289000,872667.0,543999.6,600000,1840000,280000,46889.0,22361.0,265778.0,155250,0
5,2024,Config5,1,1,0,4,14,2,760725.0,289000,282300.0,289000,289000,289000,889667.0,634666.2,540000,1840000,280000,23444.5,11180.5,132889.0,0,0
6,2024,Config6,1,2,0,4,14,2,576450.0,289000,275600.0,289000,289000,289000,872667.0,725332.7999999999,540000,1840000,280000,46889.0,22361.0,265778.0,0,0
7,2024,Config7,1,0,1,4,14,2,415800.0,289000,242100.0,289000,289000,289000,872667.0,634666.2,540000,1840000,280000,46889.0,22361.0,265778.0,155250,0
8,2024,Config8,0,1,1,4,14,2,231525.0,289000,235400.0,289000,289000,289000,855667.0,634666.2,600000,1840000,280000,70333.5,33541.5,398667.0,155250,0
9,2024,Config9,0,2,1,4,14,2,47250.0,289000,228700.0,289000,289000,289000,838667.0,725332.7999999999,600000,1840000,280000,93778.0,44722.0,531556.0,155250,0
10,2024,Config10,1,1,1,4,14,2,231525.0,289000,235400.0,289000,289000,289000,855667.0,725332.7999999999,540000,1840000,280000,70333.5,33541.5,398667.0,155250,0
11,2024,Config11,1,2,1,4,14,2,47250.0,289000,228700.0,289000,289000,289000,838667.0,815999.3999999999,540000,1840000,280000,93778.0,44722.0,531556.0,155250,0
0,2025,Config0,0,0,0,4,14,2,945000.0,289000,289000.0,289000,289000,289000,906667.0,453333.0,600000,1840000,280000,0.0,0.0,0.0,0,0
1,2025,Config1,1,0,0,4,14,2,945000.0,289000,289000.0,289000,289000,289000,906667.0,543999.6,540000,1840000,280000,0.0,0.0,0.0,0,0
2,2025,Config2,0,1,0,4,14,2,760725.0,289000,282300.0,289000,289000,289000,889667.0,543999.6,600000,1840000,280000,23444.5,11180.5,132889.0,0,0
3,2025,Config3,0,2,0,4,14,2,576450.0,289000,275600.0,289000,289000,289000,872667.0,634666.2,600000,1840000,280000,46889.0,22361.0,265778.0,0,0
4,2025,Config4,0,0,1,4,14,2,415800.0,289000,242100.0,289000,289000,289000,872667.0,543999.6,600000,1840000,280000,46889.0,22361.0,265778.0,155250,0
5,2025,Config5,1,1,0,4,14,2,760725.0,289000,282300.0,289000,289000,289000,889667.0,634666.2,540000,1840000,280000,23444.5,11180.5,132889.0,0,0
6,2025,Config6,1,2,0,4,14,2,576450.0,289000,275600.0,289000,289000,289000,872667.0,725332.7999999999,540000,1840000,280000,46889.0,22361.0,265778.0,0,0
7,2025,Config7,1,0,1,4,14,2,415800.0,289000,242100.0,289000,289000,289000,872667.0,634666.2,540000,1840000,280000,46889.0,22361.0,265778.0,155250,0
8,2025,Config8,0,1,1,4,14,2,231525.0,289000,235400.0,289000,289000,289000,855667.0,634666.2,600000,1840000,280000,70333.5,33541.5,398667.0,155250,0
9,2025,Config9,0,2,1,4,14,2,47250.0,289000,228700.0,289000,289000,289000,838667.0,725332.7999999999,600000,1840000,280000,93778.0,44722.0,531556.0,155250,0
10,2025,Config10,1,1,1,4,14,2,231525.0,289000,235400.0,289000,289000,289000,855667.0,725332.7999999999,540000,1840000,280000,70333.5,33541.5,398667.0,155250,0
11,2025,Config11,1,2,1,4,14,2,47250.0,289000,228700.0,289000,289000,289000,838667.0,815999.3999999999,540000,1840000,280000,93778.0,44722.0,531556.0,155250,0
0,2026,Config0,0,0,0,4,14,2,945000.0,289000,289000.0,289000,289000,289000,906667.0,453333.0,600000,1840000,280000,0.0,0.0,0.0,0,0
1,2026,Config1,1,0,0,4,14,2,945000.0,289000,289000.0,289000,289000,289000,906667.0,543999.6,540000,1840000,280000,0.0,0.0,0.0,0,0
2,2026,Config2,0,1,0,4,14,2,760725.0,289000,282300.0,289000,289000,289000,889667.0,543999.6,600000,1840000,280000,23444.5,11180.5,132889.0,0,0
3,2026,Config3,0,2,0,4,14,2,576450.0,289000,275600.0,289000,289000,289000,872667.0,634666.2,600000,1840000,280000,46889.0,22361.0,265778.0,0,0
4,2026,Config4,0,0,1,4,14,2,415800.0,289000,242100.0,289000,289000,289000,872667.0,543999.6,600000,1840000,280000,46889.0,22361.0,265778.0,155250,0
5,2026,Config5,1,1,0,4,14,2,760725.0,289000,282300.0,289000,289000,289000,889667.0,634666.2,540000,1840000,280000,23444.5,11180.5,132889.0,0,0
6,2026,Config6,1,2,0,4,14,2,576450.0,289000,275600.0,289000,289000,289000,872667.0,725332.7999999999,540000,1840000,280000,46889.0,22361.0,265778.0,0,0
7,2026,Config7,1,0,1,4,14,2,415800.0,289000,242100.0,289000,289000,289000,872667.0,634666.2,540000,1840000,280000,46889.0,22361.0,265778.0,155250,0
8,2026,Config8,0,1,1,4,14,2,231525.0,289000,235400.0,289000,289000,289000,855667.0,634666.2,600000,1840000,280000,70333.5,33541.5,398667.0,155250,0
9,2026,Config9,0,2,1,4,14,2,47250.0,289000,228700.0,289000,289000,289000,838667.0,725332.7999999999,600000,1840000,280000,93778.0,44722.0,531556.0,155250,0
10,2026,Config10,1,1,1,4,14,2,231525.0,289000,235400.0,289000,289000,289000,855667.0,725332.7999999999,540000,1840000,280000,70333.5,33541.5,398667.0,155250,0
11,2026,Config11,1,2,1,4,14,2,47250.0,289000,228700.0,289000,289000,289000,838667.0,815999.3999999999,540000,1840000,280000,93778.0,44722.0,531556.0,155250,0
0,2027,Config0,0,0,0,4,14,2,945000.0,289000,289000.0,289000,289000,289000,906667.0,453333.0,600000,1840000,280000,0.0,0.0,0.0,0,0
1,2027,Config1,1,0,0,4,14,2,945000.0,289000,289000.0,289000,289000,289000,906667.0,543999.6,540000,1840000,280000,0.0,0.0,0.0,0,0
2,2027,Config2,0,1,0,4,14,2,760725.0,289000,282300.0,289000,289000,289000,889667.0,543999.6,600000,1840000,280000,23444.5,11180.5,132889.0,0,0
3,2027,Config3,0,2,0,4,14,2,576450.0,289000,275600.0,289000,289000,289000,872667.0,634666.2,600000,1840000,280000,46889.0,22361.0,265778.0,0,0
4,2027,Config4,0,0,1,4,14,2,415800.0,289000,242100.0,289000,289000,289000,872667.0,543999.6,600000,1840000,280000,46889.0,22361.0,265778.0,155250,0
5,2027,Config5,1,1,0,4,14,2,760725.0,289000,282300.0,289000,289000,289000,889667.0,634666.2,540000,1840000,280000,23444.5,11180.5,132889.0,0,0
6,2027,Config6,1,2,0,4,14,2,576450.0,289000,275600.0,289000,289000,289000,872667.0,725332.7999999999,540000,1840000,280000,46889.0,22361.0,265778.0,0,0
7,2027,Config7,1,0,1,4,14,2,415800.0,289000,242100.0,289000,289000,289000,872667.0,634666.2,540000,1840000,280000,46889.0,22361.0,265778.0,155250,0
8,2027,Config8,0,1,1,4,14,2,231525.0,289000,235400.0,289000,289000,289000,855667.0,634666.2,600000,1840000,280000,70333.5,33541.5,398667.0,155250,0
9,2027,Config9,0,2,1,4,14,2,47250.0,289000,228700.0,289000,289000,289000,838667.0,725332.7999999999,600000,1840000,280000,93778.0,44722.0,531556.0,155250,0
10,2027,Config10,1,1,1,4,14,2,231525.0,289000,235400.0,289000,289000,289000,855667.0,725332.7999999999,540000,1840000,280000,70333.5,33541.5,398667.0,155250,0
11,2027,Config11,1,2,1,4,14,2,47250.0,289000,228700.0,289000,289000,289000,838667.0,815999.3999999999,540000,1840000,280000,93778.0,44722.0,531556.0,155250,0
0,2028,Config0,0,0,0,4,14,2,945000.0,289000,289000.0,289000,289000,289000,906667.0,453333.0,600000,1840000,280000,0.0,0.0,0.0,0,0
1,2028,Config1,1,0,0,4,14,2,945000.0,289000,289000.0,289000,289000,289000,906667.0,543999.6,540000,1840000,280000,0.0,0.0,0.0,0,0
2,2028,Config2,0,1,0,4,14,2,760725.0,289000,282300.0,289000,289000,289000,889667.0,543999.6,600000,1840000,280000,23444.5,11180.5,132889.0,0,0
3,2028,Config3,0,2,0,4,14,2,576450.0,289000,275600.0,289000,289000,289000,872667.0,634666.2,600000,1840000,280000,46889.0,22361.0,265778.0,0,0
4,2028,Config4,0,0,1,4,14,2,415800.0,289000,242100.0,289000,289000,289000,872667.0,543999.6,600000,1840000,280000,46889.0,22361.0,265778.0,155250,0
5,2028,Config5,1,1,0,4,14,2,760725.0,289000,282300.0,289000,289000,289000,889667.0,634666.2,540000,1840000,280000,23444.5,11180.5,132889.0,0,0
6,2028,Config6,1,2,0,4,14,2,576450.0,289000,275600.0,289000,289000,289000,872667.0,725332.7999999999,540000,1840000,280000,46889.0,22361.0,265778.0,0,0
7,2028,Config7,1,0,1,4,14,2,415800.0,289000,242100.0,289000,289000,289000,872667.0,634666.2,540000,1840000,280000,46889.0,22361.0,265778.0,155250,0
8,2028,Config8,0,1,1,4,14,2,231525.0,289000,235400.0,289000,289000,289000,855667.0,634666.2,600000,1840000,280000,70333.5,33541.5,398667.0,155250,0
9,2028,Config9,0,2,1,4,14,2,47250.0,289000,228700.0,289000,289000,289000,838667.0,725332.7999999999,600000,1840000,280000,93778.0,44722.0,531556.0,155250,0
10,2028,Config10,1,1,1,4,14,2,231525.0,289000,235400.0,289000,289000,289000,855667.0,725332.7999999999,540000,1840000,280000,70333.5,33541.5,398667.0,155250,0
11,2028,Config11,1,2,1,4,14,2,47250.0,289000,228700.0,289000,289000,289000,838667.0,815999.3999999999,540000,1840000,280000,93778.0,44722.0,531556.0,155250,0
0,2029,Config0,0,0,0,4,14,2,945000.0,289000,289000.0,289000,289000,289000,906667.0,453333.0,600000,1840000,280000,0.0,0.0,0.0,0,0
1,2029,Config1,1,0,0,4,14,2,945000.0,289000,289000.0,289000,289000,289000,906667.0,543999.6,540000,1840000,280000,0.0,0.0,0.0,0,0
2,2029,Config2,0,1,0,4,14,2,760725.0,289000,282300.0,289000,289000,289000,889667.0,543999.6,600000,1840000,280000,23444.5,11180.5,132889.0,0,0
3,2029,Config3,0,2,0,4,14,2,576450.0,289000,275600.0,289000,289000,289000,872667.0,634666.2,600000,1840000,280000,46889.0,22361.0,265778.0,0,0
4,2029,Config4,0,0,1,4,14,2,415800.0,289000,242100.0,289000,289000,289000,872667.0,543999.6,600000,1840000,280000,46889.0,22361.0,265778.0,155250,0
5,2029,Config5,1,1,0,4,14,2,760725.0,289000,282300.0,289000,289000,289000,889667.0,634666.2,540000,1840000,280000,23444.5,11180.5,132889.0,0,0
6,2029,Config6,1,2,0,4,14,2,576450.0,289000,275600.0,289000,289000,289000,872667.0,725332.7999999999,540000,1840000,280000,46889.0,22361.0,265778.0,0,0
7,2029,Config7,1,0,1,4,14,2,415800.0,289000,242100.0,289000,289000,289000,872667.0,634666.2,540000,1840000,280000,46889.0,22361.0,265778.0,155250,0
8,2029,Config8,0,1,1,4,14,2,231525.0,289000,235400.0,289000,289000,289000,855667.0,634666.2,600000,1840000,280000,70333.5,33541.5,398667.0,155250,0
9,2029,Config9,0,2,1,4,14,2,47250.0,289000,228700.0,289000,289000,289000,838667.0,725332.7999999999,600000,1840000,280000,93778.0,44722.0,531556.0,155250,0
10,2029,Config10,1,1,1,4,14,2,231525.0,289000,235400.0,289000,289000,289000,855667.0,725332.7999999999,540000,1840000,280000,70333.5,33541.5,398667.0,155250,0
11,2029,Config11,1,2,1,4,14,2,47250.0,289000,228700.0,289000,289000,289000,838667.0,815999.3999999999,540000,1840000,280000,93778.0,44722.0,531556.0,155250,0
0,2030,Config0,0,0,0,4,14,2,945000.0,289000,289000.0,289000,289000,289000,906667.0,453333.0,600000,1840000,280000,0.0,0.0,0.0,0,0
1,2030,Config1,1,0,0,4,14,2,945000.0,289000,289000.0,289000,289000,289000,906667.0,543999.6,540000,1840000,280000,0.0,0.0,0.0,0,0
2,2030,Config2,0,1,0,4,14,2,760725.0,289000,282300.0,289000,289000,289000,889667.0,543999.6,600000,1840000,280000,23444.5,11180.5,132889.0,0,0
3,2030,Config3,0,2,0,4,14,2,576450.0,289000,275600.0,289000,289000,289000,872667.0,634666.2,600000,1840000,280000,46889.0,22361.0,265778.0,0,0
4,2030,Config4,0,0,1,4,14,2,415800.0,289000,242100.0,289000,289000,289000,872667.0,543999.6,600000,1840000,280000,46889.0,22361.0,265778.0,155250,0
5,2030,Config5,1,1,0,4,14,2,760725.0,289000,282300.0,289000,289000,289000,889667.0,634666.2,540000,1840000,280000,23444.5,11180.5,132889.0,0,0
6,2030,Config6,1,2,0,4,14,2,576450.0,289000,275600.0,289000,289000,289000,872667.0,725332.7999999999,540000,1840000,280000,46889.0,22361.0,265778.0,0,0
7,2030,Config7,1,0,1,4,14,2,415800.0,289000,242100.0,289000,289000,289000,872667.0,634666.2,540000,1840000,280000,46889.0,22361.0,265778.0,155250,0
8,2030,Config8,0,1,1,4,14,2,231525.0,289000,235400.0,289000,289000,289000,855667.0,634666.2,600000,1840000,280000,70333.5,33541.5,398667.0,155250,0
9,2030,Config9,0,2,1,4,14,2,47250.0,289000,228700.0,289000,289000,289000,838667.0,725332.7999999999,600000,1840000,280000,93778.0,44722.0,531556.0,155250,0
10,2030,Config10,1,1,1,4,14,2,231525.0,289000,235400.0,289000,289000,289000,855667.0,725332.7999999999,540000,1840000,280000,70333.5,33541.5,398667.0,155250,0
11,2030,Config11,1,2,1,4,14,2,47250.0,289000,228700.0,289000,289000,289000,838667.0,815999.3999999999,540000,1840000,280000,93778.0,44722.0,531556.0,155250,0
0,2031,Config0,0,0,0,4,14,2,945000.0,289000,289000.0,289000,289000,289000,906667.0,453333.0,600000,1840000,280000,0.0,0.0,0.0,0,0
1,2031,Config1,1,0,0,4,14,2,945000.0,289000,289000.0,289000,289000,289000,906667.0,543999.6,540000,1840000,280000,0.0,0.0,0.0,0,0
2,2031,Config2,0,1,0,4,14,2,760725.0,289000,282300.0,289000,289000,289000,889667.0,543999.6,600000,1840000,280000,23444.5,11180.5,132889.0,0,0
3,2031,Config3,0,2,0,4,14,2,576450.0,289000,275600.0,289000,289000,289000,872667.0,634666.2,600000,1840000,280000,46889.0,22361.0,265778.0,0,0
4,2031,Config4,0,0,1,4,14,2,415800.0,289000,242100.0,289000,289000,289000,872667.0,543999.6,600000,1840000,280000,46889.0,22361.0,265778.0,155250,0
5,2031,Config5,1,1,0,4,14,2,760725.0,289000,282300.0,289000,289000,289000,889667.0,634666.2,540000,1840000,280000,23444.5,11180.5,132889.0,0,0
6,2031,Config6,1,2,0,4,14,2,576450.0,289000,275600.0,289000,289000,289000,872667.0,725332.7999999999,540000,1840000,280000,46889.0,22361.0,265778.0,0,0
7,2031,Config7,1,0,1,4,14,2,415800.0,289000,242100.0,289000,289000,289000,872667.0,634666.2,540000,1840000,280000,46889.0,22361.0,265778.0,155250,0
8,2031,Config8,0,1,1,4,14,2,231525.0,289000,235400.0,289000,289000,289000,855667.0,634666.2,600000,1840000,280000,70333.5,33541.5,398667.0,155250,0
9,2031,Config9,0,2,1,4,14,2,47250.0,289000,228700.0,289000,289000,289000,838667.0,725332.7999999999,600000,1840000,280000,93778.0,44722.0,531556.0,155250,0
10,2031,Config10,1,1,1,4,14,2,231525.0,289000,235400.0,289000,289000,289000,855667.0,725332.7999999999,540000,1840000,280000,70333.5,33541.5,398667.0,155250,0
11,2031,Config11,1,2,1,4,14,2,47250.0,289000,228700.0,289000,289000,289000,838667.0,815999.3999999999,540000,1840000,280000,93778.0,44722.0,531556.0,155250,0
0,2032,Config0,0,0,0,4,14,2,945000.0,289000,289000.0,289000,289000,289000,906667.0,453333.0,600000,1840000,280000,0.0,0.0,0.0,0,0
1,2032,Config1,1,0,0,4,14,2,945000.0,289000,289000.0,289000,289000,289000,906667.0,543999.6,540000,1840000,280000,0.0,0.0,0.0,0,0
2,2032,Config2,0,1,0,4,14,2,760725.0,289000,282300.0,289000,289000,289000,889667.0,543999.6,600000,1840000,280000,23444.5,11180.5,132889.0,0,0
3,2032,Config3,0,2,0,4,14,2,576450.0,289000,275600.0,289000,289000,289000,872667.0,634666.2,600000,1840000,280000,46889.0,22361.0,265778.0,0,0
4,2032,Config4,0,0,1,4,14,2,415800.0,289000,242100.0,289000,289000,289000,872667.0,543999.6,600000,1840000,280000,46889.0,22361.0,265778.0,155250,0
5,2032,Config5,1,1,0,4,14,2,760725.0,289000,282300.0,289000,289000,289000,889667.0,634666.2,540000,1840000,280000,23444.5,11180.5,132889.0,0,0
6,2032,Config6,1,2,0,4,14,2,576450.0,289000,275600.0,289000,289000,289000,872667.0,725332.7999999999,540000,1840000,280000,46889.0,22361.0,265778.0,0,0
7,2032,Config7,1,0,1,4,14,2,415800.0,289000,242100.0,289000,289000,289000,872667.0,634666.2,540000,1840000,280000,46889.0,22361.0,265778.0,155250,0
8,2032,Config8,0,1,1,4,14,2,231525.0,289000,235400.0,289000,289000,289000,855667.0,634666.2,600000,1840000,280000,70333.5,33541.5,398667.0,155250,0
9,2032,Config9,0,2,1,4,14,2,47250.0,289000,228700.0,289000,289000,289000,838667.0,725332.7999999999,600000,1840000,280000,93778.0,44722.0,531556.0,155250,0
10,2032,Config10,1,1,1,4,14,2,231525.0,289000,235400.0,289000,289000,289000,855667.0,725332.7999999999,540000,1840000,280000,70333.5,33541.5,398667.0,155250,0
11,2032,Config11,1,2,1,4,14,2,47250.0,289000,228700.0,289000,289000,289000,838667.0,815999.3999999999,540000,1840000,280000,93778.0,44722.0,531556.0,155250,0
0,2033,Config0,0,0,0,4,14,2,945000.0,289000,289000.0,289000,289000,289000,906667.0,453333.0,600000,1840000,280000,0.0,0.0,0.0,0,0
1,2033,Config1,1,0,0,4,14,2,945000.0,289000,289000.0,289000,289000,289000,906667.0,543999.6,540000,1840000,280000,0.0,0.0,0.0,0,0
2,2033,Config2,0,1,0,4,14,2,760725.0,289000,282300.0,289000,289000,289000,889667.0,543999.6,600000,1840000,280000,23444.5,11180.5,132889.0,0,0
3,2033,Config3,0,2,0,4,14,2,576450.0,289000,275600.0,289000,289000,289000,872667.0,634666.2,600000,1840000,280000,46889.0,22361.0,265778.0,0,0
4,2033,Config4,0,0,1,4,14,2,415800.0,289000,242100.0,289000,289000,289000,872667.0,543999.6,600000,1840000,280000,46889.0,22361.0,265778.0,155250,0
5,2033,Config5,1,1,0,4,14,2,760725.0,289000,282300.0,289000,289000,289000,889667.0,634666.2,540000,1840000,280000,23444.5,11180.5,132889.0,0,0
6,2033,Config6,1,2,0,4,14,2,576450.0,289000,275600.0,289000,289000,289000,872667.0,725332.7999999999,540000,1840000,280000,46889.0,22361.0,265778.0,0,0
7,2033,Config7,1,0,1,4,14,2,415800.0,289000,242100.0,289000,289000,289000,872667.0,634666.2,540000,1840000,280000,46889.0,22361.0,265778.0,155250,0
8,2033,Config8,0,1,1,4,14,2,231525.0,289000,235400.0,289000,289000,289000,855667.0,634666.2,600000,1840000,280000,70333.5,33541.5,398667.0,155250,0
9,2033,Config9,0,2,1,4,14,2,47250.0,289000,228700.0,289000,289000,289000,838667.0,725332.7999999999,600000,1840000,280000,93778.0,44722.0,531556.0,155250,0
10,2033,Config10,1,1,1,4,14,2,231525.0,289000,235400.0,289000,289000,289000,855667.0,725332.7999999999,540000,1840000,280000,70333.5,33541.5,398667.0,155250,0
11,2033,Config11,1,2,1,4,14,2,47250.0,289000,228700.0,289000,289000,289000,838667.0,815999.3999999999,540000,1840000,280000,93778.0,44722.0,531556.0,155250,0
0,2034,Config0,0,0,0,4,14,2,945000.0,289000,289000.0,289000,289000,289000,906667.0,453333.0,600000,1840000,280000,0.0,0.0,0.0,0,0
1,2034,Config1,1,0,0,4,14,2,945000.0,289000,289000.0,289000,289000,289000,906667.0,543999.6,540000,1840000,280000,0.0,0.0,0.0,0,0
2,2034,Config2,0,1,0,4,14,2,760725.0,289000,282300.0,289000,289000,289000,889667.0,543999.6,600000,1840000,280000,23444.5,11180.5,132889.0,0,0
3,2034,Config3,0,2,0,4,14,2,576450.0,289000,275600.0,289000,289000,289000,872667.0,634666.2,600000,1840000,280000,46889.0,22361.0,265778.0,0,0
4,2034,Config4,0,0,1,4,14,2,415800.0,289000,242100.0,289000,289000,289000,872667.0,543999.6,600000,1840000,280000,46889.0,22361.0,265778.0,155250,0
5,2034,Config5,1,1,0,4,14,2,760725.0,289000,282300.0,289000,289000,289000,889667.0,634666.2,540000,1840000,280000,23444.5,11180.5,132889.0,0,0
6,2034,Config6,1,2,0,4,14,2,576450.0,289000,275600.0,289000,289000,289000,872667.0,725332.7999999999,540000,1840000,280000,46889.0,22361.0,265778.0,0,0
7,2034,Config7,1,0,1,4,14,2,415800.0,289000,242100.0,289000,289000,289000,872667.0,634666.2,540000,1840000,280000,46889.0,22361.0,265778.0,155250,0
8,2034,Config8,0,1,1,4,14,2,231525.0,289000,235400.0,289000,289000,289000,855667.0,634666.2,600000,1840000,280000,70333.5,33541.5,398667.0,155250,0
9,2034,Config9,0,2,1,4,14,2,47250.0,289000,228700.0,289000,289000,289000,838667.0,725332.7999999999,600000,1840000,280000,93778.0,44722.0,531556.0,155250,0
10,2034,Config10,1,1,1,4,14,2,231525.0,289000,235400.0,289000,289000,289000,855667.0,725332.7999999999,540000,1840000,280000,70333.5,33541.5,398667.0,155250,0
11,2034,Config11,1,2,1,4,14,2,47250.0,289000,228700.0,289000,289000,289000,838667.0,815999.3999999999,540000,1840000,280000,93778.0,44722.0,531556.0,155250,0
0,2035,Config0,0,0,0,4,14,2,945000.0,289000,289000.0,289000,289000,289000,906667.0,453333.0,600000,1840000,280000,0.0,0.0,0.0,0,0
1,2035,Config1,1,0,0,4,14,2,945000.0,289000,289000.0,289000,289000,289000,906667.0,543999.6,540000,1840000,280000,0.0,0.0,0.0,0,0
2,2035,Config2,0,1,0,4,14,2,760725.0,289000,282300.0,289000,289000,289000,889667.0,543999.6,600000,1840000,280000,23444.5,11180.5,132889.0,0,0
3,2035,Config3,0,2,0,4,14,2,576450.0,289000,275600.0,289000,289000,289000,872667.0,634666.2,600000,1840000,280000,46889.0,22361.0,265778.0,0,0
4,2035,Config4,0,0,1,4,14,2,415800.0,289000,242100.0,289000,289000,289000,872667.0,543999.6,600000,1840000,280000,46889.0,22361.0,265778.0,155250,0
5,2035,Config5,1,1,0,4,14,2,760725.0,289000,282300.0,289000,289000,289000,889667.0,634666.2,540000,1840000,280000,23444.5,11180.5,132889.0,0,0
6,2035,Config6,1,2,0,4,14,2,576450.0,289000,275600.0,289000,289000,289000,872667.0,725332.7999999999,540000,1840000,280000,46889.0,22361.0,265778.0,0,0
7,2035,Config7,1,0,1,4,14,2,415800.0,289000,242100.0,289000,289000,289000,872667.0,634666.2,540000,1840000,280000,46889.0,22361.0,265778.0,155250,0
8,2035,Config8,0,1,1,4,14,2,231525.0,289000,235400.0,289000,289000,289000,855667.0,634666.2,600000,1840000,280000,70333.5,33541.5,398667.0,155250,0
9,2035,Config9,0,2,1,4,14,2,47250.0,289000,228700.0,289000,289000,289000,838667.0,725332.7999999999,600000,1840000,280000,93778.0,44722.0,531556.0,155250,0
10,2035,Config10,1,1,1,4,14,2,231525.0,289000,235400.0,289000,289000,289000,855667.0,725332.7999999999,540000,1840000,280000,70333.5,33541.5,398667.0,155250,0
11,2035,Config11,1,2,1,4,14,2,47250.0,289000,228700.0,289000,289000,289000,838667.0,815999.3999999999,540000,1840000,280000,93778.0,44722.0,531556.0,155250,0
0,2036,Config0,0,0,0,4,14,2,945000.0,289000,289000.0,289000,289000,289000,906667.0,453333.0,600000,1840000,280000,0.0,0.0,0.0,0,0
1,2036,Config1,1,0,0,4,14,2,945000.0,289000,289000.0,289000,289000,289000,906667.0,543999.6,540000,1840000,280000,0.0,0.0,0.0,0,0
2,2036,Config2,0,1,0,4,14,2,760725.0,289000,282300.0,289000,289000,289000,889667.0,543999.6,600000,1840000,280000,23444.5,11180.5,132889.0,0,0
3,2036,Config3,0,2,0,4,14,2,576450.0,289000,275600.0,289000,289000,289000,872667.0,634666.2,600000,1840000,280000,46889.0,22361.0,265778.0,0,0
4,2036,Config4,0,0,1,4,14,2,415800.0,289000,242100.0,289000,289000,289000,872667.0,543999.6,600000,1840000,280000,46889.0,22361.0,265778.0,155250,0
5,2036,Config5,1,1,0,4,14,2,760725.0,289000,282300.0,289000,289000,289000,889667.0,634666.2,540000,1840000,280000,23444.5,11180.5,132889.0,0,0
6,2036,Config6,1,2,0,4,14,2,576450.0,289000,275600.0,289000,289000,289000,872667.0,725332.7999999999,540000,1840000,280000,46889.0,22361.0,265778.0,0,0
7,2036,Config7,1,0,1,4,14,2,415800.0,289000,242100.0,289000,289000,289000,872667.0,634666.2,540000,1840000,280000,46889.0,22361.0,265778.0,155250,0
8,2036,Config8,0,1,1,4,14,2,231525.0,289000,235400.0,289000,289000,289000,855667.0,634666.2,600000,1840000,280000,70333.5,33541.5,398667.0,155250,0
9,2036,Config9,0,2,1,4,14,2,47250.0,289000,228700.0,289000,289000,289000,838667.0,725332.7999999999,600000,1840000,280000,93778.0,44722.0,531556.0,155250,0
10,2036,Config10,1,1,1,4,14,2,231525.0,289000,235400.0,289000,289000,289000,855667.0,725332.7999999999,540000,1840000,280000,70333.5,33541.5,398667.0,155250,0
11,2036,Config11,1,2,1,4,14,2,47250.0,289000,228700.0,289000,289000,289000,838667.0,815999.3999999999,540000,1840000,280000,93778.0,44722.0,531556.0,155250,0
0,2037,Config0,0,0,0,4,14,2,945000.0,289000,289000.0,289000,289000,289000,906667.0,453333.0,600000,1840000,280000,0.0,0.0,0.0,0,0
1,2037,Config1,1,0,0,4,14,2,945000.0,289000,289000.0,289000,289000,289000,906667.0,543999.6,540000,1840000,280000,0.0,0.0,0.0,0,0
2,2037,Config2,0,1,0,4,14,2,760725.0,289000,282300.0,289000,289000,289000,889667.0,543999.6,600000,1840000,280000,23444.5,11180.5,132889.0,0,0
3,2037,Config3,0,2,0,4,14,2,576450.0,289000,275600.0,289000,289000,289000,872667.0,634666.2,600000,1840000,280000,46889.0,22361.0,265778.0,0,0
4,2037,Config4,0,0,1,4,14,2,415800.0,289000,242100.0,289000,289000,289000,872667.0,543999.6,600000,1840000,280000,46889.0,22361.0,265778.0,155250,0
5,2037,Config5,1,1,0,4,14,2,760725.0,289000,282300.0,289000,289000,289000,889667.0,634666.2,540000,1840000,280000,23444.5,11180.5,132889.0,0,0
6,2037,Config6,1,2,0,4,14,2,576450.0,289000,275600.0,289000,289000,289000,872667.0,725332.7999999999,540000,1840000,280000,46889.0,22361.0,265778.0,0,0
7,2037,Config7,1,0,1,4,14,2,415800.0,289000,242100.0,289000,289000,289000,872667.0,634666.2,540000,1840000,280000,46889.0,22361.0,265778.0,155250,0
8,2037,Config8,0,1,1,4,14,2,231525.0,289000,235400.0,289000,289000,289000,855667.0,634666.2,600000,1840000,280000,70333.5,33541.5,398667.0,155250,0
9,2037,Config9,0,2,1,4,14,2,47250.0,289000,228700.0,289000,289000,289000,838667.0,725332.7999999999,600000,1840000,280000,93778.0,44722.0,531556.0,155250,0
10,2037,Config10,1,1,1,4,14,2,231525.0,289000,235400.0,289000,289000,289000,855667.0,725332.7999999999,540000,1840000,280000,70333.5,33541.5,398667.0,155250,0
11,2037,Config11,1,2,1,4,14,2,47250.0,289000,228700.0,289000,289000,289000,838667.0,815999.3999999999,540000,1840000,280000,93778.0,44722.0,531556.0,155250,0
0,2038,Config0,0,0,0,4,14,2,945000.0,289000,289000.0,289000,289000,289000,906667.0,453333.0,600000,1840000,280000,0.0,0.0,0.0,0,0
1,2038,Config1,1,0,0,4,14,2,945000.0,289000,289000.0,289000,289000,289000,906667.0,543999.6,540000,1840000,280000,0.0,0.0,0.0,0,0
2,2038,Config2,0,1,0,4,14,2,760725.0,289000,282300.0,289000,289000,289000,889667.0,543999.6,600000,1840000,280000,23444.5,11180.5,132889.0,0,0
3,2038,Config3,0,2,0,4,14,2,576450.0,289000,275600.0,289000,289000,289000,872667.0,634666.2,600000,1840000,280000,46889.0,22361.0,265778.0,0,0
4,2038,Config4,0,0,1,4,14,2,415800.0,289000,242100.0,289000,289000,289000,872667.0,543999.6,600000,1840000,280000,46889.0,22361.0,265778.0,155250,0
5,2038,Config5,1,1,0,4,14,2,760725.0,289000,282300.0,289000,289000,289000,889667.0,634666.2,540000,1840000,280000,23444.5,11180.5,132889.0,0,0
6,2038,Config6,1,2,0,4,14,2,576450.0,289000,275600.0,289000,289000,289000,872667.0,725332.7999999999,540000,1840000,280000,46889.0,22361.0,265778.0,0,0
7,2038,Config7,1,0,1,4,14,2,415800.0,289000,242100.0,289000,289000,289000,872667.0,634666.2,540000,1840000,280000,46889.0,22361.0,265778.0,155250,0
8,2038,Config8,0,1,1,4,14,2,231525.0,289000,235400.0,289000,289000,289000,855667.0,634666.2,600000,1840000,280000,70333.5,33541.5,398667.0,155250,0
9,2038,Config9,0,2,1,4,14,2,47250.0,289000,228700.0,289000,289000,289000,838667.0,725332.7999999999,600000,1840000,280000,93778.0,44722.0,531556.0,155250,0
10,2038,Config10,1,1,1,4,14,2,231525.0,289000,235400.0,289000,289000,289000,855667.0,725332.7999999999,540000,1840000,280000,70333.5,33541.5,398667.0,155250,0
11,2038,Config11,1,2,1,4,14,2,47250.0,289000,228700.0,289000,289000,289000,838667.0,815999.3999999999,540000,1840000,280000,93778.0,44722.0,531556.0,155250,0
0,2039,Config0,0,0,0,4,14,2,945000.0,289000,289000.0,289000,289000,289000,906667.0,453333.0,600000,1840000,280000,0.0,0.0,0.0,0,0
1,2039,Config1,1,0,0,4,14,2,945000.0,289000,289000.0,289000,289000,289000,906667.0,543999.6,540000,1840000,280000,0.0,0.0,0.0,0,0
2,2039,Config2,0,1,0,4,14,2,760725.0,289000,282300.0,289000,289000,289000,889667.0,543999.6,600000,1840000,280000,23444.5,11180.5,132889.0,0,0
3,2039,Config3,0,2,0,4,14,2,576450.0,289000,275600.0,289000,289000,289000,872667.0,634666.2,600000,1840000,280000,46889.0,22361.0,265778.0,0,0
4,2039,Config4,0,0,1,4,14,2,415800.0,289000,242100.0,289000,289000,289000,872667.0,543999.6,600000,1840000,280000,46889.0,22361.0,265778.0,155250,0
5,2039,Config5,1,1,0,4,14,2,760725.0,289000,282300.0,289000,289000,289000,889667.0,634666.2,540000,1840000,280000,23444.5,11180.5,132889.0,0,0
6,2039,Config6,1,2,0,4,14,2,576450.0,289000,275600.0,289000,289000,289000,872667.0,725332.7999999999,540000,1840000,280000,46889.0,22361.0,265778.0,0,0
7,2039,Config7,1,0,1,4,14,2,415800.0,289000,242100.0,289000,289000,289000,872667.0,634666.2,540000,1840000,280000,46889.0,22361.0,265778.0,155250,0
8,2039,Config8,0,1,1,4,14,2,231525.0,289000,235400.0,289000,289000,289000,855667.0,634666.2,600000,1840000,280000,70333.5,33541.5,398667.0,155250,0
9,2039,Config9,0,2,1,4,14,2,47250.0,289000,228700.0,289000,289000,289000,838667.0,725332.7999999999,600000,1840000,280000,93778.0,44722.0,531556.0,155250,0
10,2039,Config10,1,1,1,4,14,2,231525.0,289000,235400.0,289000,289000,289000,855667.0,725332.7999999999,540000,1840000,280000,70333.5,33541.5,398667.0,155250,0
11,2039,Config11,1,2,1,4,14,2,47250.0,289000,228700.0,289000,289000,289000,838667.0,815999.3999999999,540000,1840000,280000,93778.0,44722.0,531556.0,155250,0
0,2040,Config0,0,0,0,4,14,2,945000.0,289000,289000.0,289000,289000,289000,906667.0,453333.0,600000,1840000,280000,0.0,0.0,0.0,0,0
1,2040,Config1,1,0,0,4,14,2,945000.0,289000,289000.0,289000,289000,289000,906667.0,543999.6,540000,1840000,280000,0.0,0.0,0.0,0,0
2,2040,Config2,0,1,0,4,14,2,760725.0,289000,282300.0,289000,289000,289000,889667.0,543999.6,600000,1840000,280000,23444.5,11180.5,132889.0,0,0
3,2040,Config3,0,2,0,4,14,2,576450.0,289000,275600.0,289000,289000,289000,872667.0,634666.2,600000,1840000,280000,46889.0,22361.0,265778.0,0,0
4,2040,Config4,0,0,1,4,14,2,415800.0,289000,242100.0,289000,289000,289000,872667.0,543999.6,600000,1840000,280000,46889.0,22361.0,265778.0,155250,0
5,2040,Config5,1,1,0,4,14,2,760725.0,289000,282300.0,289000,289000,289000,889667.0,634666.2,540000,1840000,280000,23444.5,11180.5,132889.0,0,0
6,2040,Config6,1,2,0,4,14,2,576450.0,289000,275600.0,289000,289000,289000,872667.0,725332.7999999999,540000,1840000,280000,46889.0,22361.0,265778.0,0,0
7,2040,Config7,1,0,1,4,14,2,415800.0,289000,242100.0,289000,289000,289000,872667.0,634666.2,540000,1840000,280000,46889.0,22361.0,265778.0,155250,0
8,2040,Config8,0,1,1,4,14,2,231525.0,289000,235400.0,289000,289000,289000,855667.0,634666.2,600000,1840000,280000,70333.5,33541.5,398667.0,155250,0
9,2040,Config9,0,2,1,4,14,2,47250.0,289000,228700.0,289000,289000,289000,838667.0,725332.7999999999,600000,1840000,280000,93778.0,44722.0,531556.0,155250,0
10,2040,Config10,1,1,1,4,14,2,231525.0,289000,235400.0,289000,289000,289000,855667.0,725332.7999999999,540000,1840000,280000,70333.5,33541.5,398667.0,155250,0
11,2040,Config11,1,2,1,4,14,2,47250.0,289000,228700.0,289000,289000,289000,838667.0,815999.3999999999,540000,1840000,280000,93778.0,44722.0,531556.0,155250,0
0,2041,Config0,0,0,0,4,14,2,945000.0,289000,289000.0,289000,289000,289000,906667.0,453333.0,600000,1840000,280000,0.0,0.0,0.0,0,0
1,2041,Config1,1,0,0,4,14,2,945000.0,289000,289000.0,289000,289000,289000,906667.0,543999.6,540000,1840000,280000,0.0,0.0,0.0,0,0
2,2041,Config2,0,1,0,4,14,2,760725.0,289000,282300.0,289000,289000,289000,889667.0,543999.6,600000,1840000,280000,23444.5,11180.5,132889.0,0,0
3,2041,Config3,0,2,0,4,14,2,576450.0,289000,275600.0,289000,289000,289000,872667.0,634666.2,600000,1840000,280000,46889.0,22361.0,265778.0,0,0
4,2041,Config4,0,0,1,4,14,2,415800.0,289000,242100.0,289000,289000,289000,872667.0,543999.6,600000,1840000,280000,46889.0,22361.0,265778.0,155250,0
5,2041,Config5,1,1,0,4,14,2,760725.0,289000,282300.0,289000,289000,289000,889667.0,634666.2,540000,1840000,280000,23444.5,11180.5,132889.0,0,0
6,2041,Config6,1,2,0,4,14,2,576450.0,289000,275600.0,289000,289000,289000,872667.0,725332.7999999999,540000,1840000,280000,46889.0,22361.0,265778.0,0,0
7,2041,Config7,1,0,1,4,14,2,415800.0,289000,242100.0,289000,289000,289000,872667.0,634666.2,540000,1840000,280000,46889.0,22361.0,265778.0,155250,0
8,2041,Config8,0,1,1,4,14,2,231525.0,289000,235400.0,289000,289000,289000,855667.0,634666.2,600000,1840000,280000,70333.5,33541.5,398667.0,155250,0
9,2041,Config9,0,2,1,4,14,2,47250.0,289000,228700.0,289000,289000,289000,838667.0,725332.7999999999,600000,1840000,280000,93778.0,44722.0,531556.0,155250,0
10,2041,Config10,1,1,1,4,14,2,231525.0,289000,235400.0,289000,289000,289000,855667.0,725332.7999999999,540000,1840000,280000,70333.5,33541.5,398667.0,155250,0
11,2041,Config11,1,2,1,4,14,2,47250.0,289000,228700.0,289000,289000,289000,838667.0,815999.3999999999,540000,1840000,280000,93778.0,44722.0,531556.0,155250,0
0,2042,Config0,0,0,0,4,14,2,945000.0,289000,289000.0,289000,289000,289000,906667.0,453333.0,600000,1840000,280000,0.0,0.0,0.0,0,0
1,2042,Config1,1,0,0,4,14,2,945000.0,289000,289000.0,289000,289000,289000,906667.0,543999.6,540000,1840000,280000,0.0,0.0,0.0,0,0
2,2042,Config2,0,1,0,4,14,2,760725.0,289000,282300.0,289000,289000,289000,889667.0,543999.6,600000,1840000,280000,23444.5,11180.5,132889.0,0,0
3,2042,Config3,0,2,0,4,14,2,576450.0,289000,275600.0,289000,289000,289000,872667.0,634666.2,600000,1840000,280000,46889.0,22361.0,265778.0,0,0
4,2042,Config4,0,0,1,4,14,2,415800.0,289000,242100.0,289000,289000,289000,872667.0,543999.6,600000,1840000,280000,46889.0,22361.0,265778.0,155250,0
5,2042,Config5,1,1,0,4,14,2,760725.0,289000,282300.0,289000,289000,289000,889667.0,634666.2,540000,1840000,280000,23444.5,11180.5,132889.0,0,0
6,2042,Config6,1,2,0,4,14,2,576450.0,289000,275600.0,289000,289000,289000,872667.0,725332.7999999999,540000,1840000,280000,46889.0,22361.0,265778.0,0,0
7,2042,Config7,1,0,1,4,14,2,415800.0,289000,242100.0,289000,289000,289000,872667.0,634666.2,540000,1840000,280000,46889.0,22361.0,265778.0,155250,0
8,2042,Config8,0,1,1,4,14,2,231525.0,289000,235400.0,289000,289000,289000,855667.0,634666.2,600000,1840000,280000,70333.5,33541.5,398667.0,155250,0
9,2042,Config9,0,2,1,4,14,2,47250.0,289000,228700.0,289000,289000,289000,838667.0,725332.7999999999,600000,1840000,280000,93778.0,44722.0,531556.0,155250,0
10,2042,Config10,1,1,1,4,14,2,231525.0,289000,235400.0,289000,289000,289000,855667.0,725332.7999999999,540000,1840000,280000,70333.5,33541.5,398667.0,155250,0
11,2042,Config11,1,2,1,4,14,2,47250.0,289000,228700.0,289000,289000,289000,838667.0,815999.3999999999,540000,1840000,280000,93778.0,44722.0,531556.0,155250,0
0,2043,Config0,0,0,0,4,14,2,945000.0,289000,289000.0,289000,289000,289000,906667.0,453333.0,600000,1840000,280000,0.0,0.0,0.0,0,0
1,2043,Config1,1,0,0,4,14,2,945000.0,289000,289000.0,289000,289000,289000,906667.0,543999.6,540000,1840000,280000,0.0,0.0,0.0,0,0
2,2043,Config2,0,1,0,4,14,2,760725.0,289000,282300.0,289000,289000,289000,889667.0,543999.6,600000,1840000,280000,23444.5,11180.5,132889.0,0,0
3,2043,Config3,0,2,0,4,14,2,576450.0,289000,275600.0,289000,289000,289000,872667.0,634666.2,600000,1840000,280000,46889.0,22361.0,265778.0,0,0
4,2043,Config4,0,0,1,4,14,2,415800.0,289000,242100.0,289000,289000,289000,872667.0,543999.6,600000,1840000,280000,46889.0,22361.0,265778.0,155250,0
5,2043,Config5,1,1,0,4,14,2,760725.0,289000,282300.0,289000,289000,289000,889667.0,634666.2,540000,1840000,280000,23444.5,11180.5,132889.0,0,0
6,2043,Config6,1,2,0,4,14,2,576450.0,289000,275600.0,289000,289000,289000,872667.0,725332.7999999999,540000,1840000,280000,46889.0,22361.0,265778.0,0,0
7,2043,Config7,1,0,1,4,14,2,415800.0,289000,242100.0,289000,289000,289000,872667.0,634666.2,540000,1840000,280000,46889.0,22361.0,265778.0,155250,0
8,2043,Config8,0,1,1,4,14,2,231525.0,289000,235400.0,289000,289000,289000,855667.0,634666.2,600000,1840000,280000,70333.5,33541.5,398667.0,155250,0
9,2043,Config9,0,2,1,4,14,2,47250.0,289000,228700.0,289000,289000,289000,838667.0,725332.7999999999,600000,1840000,280000,93778.0,44722.0,531556.0,155250,0
10,2043,Config10,1,1,1,4,14,2,231525.0,289000,235400.0,289000,289000,289000,855667.0,725332.7999999999,540000,1840000,280000,70333.5,33541.5,398667.0,155250,0
11,2043,Config11,1,2,1,4,14,2,47250.0,289000,228700.0,289000,289000,289000,838667.0,815999.3999999999,540000,1840000,280000,93778.0,44722.0,531556.0,155250,0
0,2044,Config0,0,0,0,4,14,2,945000.0,289000,289000.0,289000,289000,289000,906667.0,453333.0,600000,1840000,280000,0.0,0.0,0.0,0,0
1,2044,Config1,1,0,0,4,14,2,945000.0,289000,289000.0,289000,289000,289000,906667.0,543999.6,540000,1840000,280000,0.0,0.0,0.0,0,0
2,2044,Config2,0,1,0,4,14,2,760725.0,289000,282300.0,289000,289000,289000,889667.0,543999.6,600000,1840000,280000,23444.5,11180.5,132889.0,0,0
3,2044,Config3,0,2,0,4,14,2,576450.0,289000,275600.0,289000,289000,289000,872667.0,634666.2,600000,1840000,280000,46889.0,22361.0,265778.0,0,0
4,2044,Config4,0,0,1,4,14,2,415800.0,289000,242100.0,289000,289000,289000,872667.0,543999.6,600000,1840000,280000,46889.0,22361.0,265778.0,155250,0
5,2044,Config5,1,1,0,4,14,2,760725.0,289000,282300.0,289000,289000,289000,889667.0,634666.2,540000,1840000,280000,23444.5,11180.5,132889.0,0,0
6,2044,Config6,1,2,0,4,14,2,576450.0,289000,275600.0,289000,289000,289000,872667.0,725332.7999999999,540000,1840000,280000,46889.0,22361.0,265778.0,0,0
7,2044,Config7,1,0,1,4,14,2,415800.0,289000,242100.0,289000,289000,289000,872667.0,634666.2,540000,1840000,280000,46889.0,22361.0,265778.0,155250,0
8,2044,Config8,0,1,1,4,14,2,231525.0,289000,235400.0,289000,289000,289000,855667.0,634666.2,600000,1840000,280000,70333.5,33541.5,398667.0,155250,0
9,2044,Config9,0,2,1,4,14,2,47250.0,289000,228700.0,289000,289000,289000,838667.0,725332.7999999999,600000,1840000,280000,93778.0,44722.0,531556.0,155250,0
10,2044,Config10,1,1,1,4,14,2,231525.0,289000,235400.0,289000,289000,289000,855667.0,725332.7999999999,540000,1840000,280000,70333.5,33541.5,398667.0,155250,0
11,2044,Config11,1,2,1,4,14,2,47250.0,289000,228700.0,289000,289000,289000,838667.0,815999.3999999999,540000,1840000,280000,93778.0,44722.0,531556.0,155250,0
0,2045,Config0,0,0,0,4,14,2,945000.0,289000,289000.0,289000,289000,289000,906667.0,453333.0,600000,1840000,280000,0.0,0.0,0.0,0,0
1,2045,Config1,1,0,0,4,14,2,945000.0,289000,289000.0,289000,289000,289000,906667.0,543999.6,540000,1840000,280000,0.0,0.0,0.0,0,0
2,2045,Config2,0,1,0,4,14,2,760725.0,289000,282300.0,289000,289000,289000,889667.0,543999.6,600000,1840000,280000,23444.5,11180.5,132889.0,0,0
3,2045,Config3,0,2,0,4,14,2,576450.0,289000,275600.0,289000,289000,289000,872667.0,634666.2,600000,1840000,280000,46889.0,22361.0,265778.0,0,0
4,2045,Config4,0,0,1,4,14,2,415800.0,289000,242100.0,289000,289000,289000,872667.0,543999.6,600000,1840000,280000,46889.0,22361.0,265778.0,155250,0
5,2045,Config5,1,1,0,4,14,2,760725.0,289000,282300.0,289000,289000,289000,889667.0,634666.2,540000,1840000,280000,23444.5,11180.5,132889.0,0,0
6,2045,Config6,1,2,0,4,14,2,576450.0,289000,275600.0,289000,289000,289000,872667.0,725332.7999999999,540000,1840000,280000,46889.0,22361.0,265778.0,0,0
7,2045,Config7,1,0,1,4,14,2,415800.0,289000,242100.0,289000,289000,289000,872667.0,634666.2,540000,1840000,280000,46889.0,22361.0,265778.0,155250,0
8,2045,Config8,0,1,1,4,14,2,231525.0,289000,235400.0,289000,289000,289000,855667.0,634666.2,600000,1840000,280000,70333.5,33541.5,398667.0,155250,0
9,2045,Config9,0,2,1,4,14,2,47250.0,289000,228700.0,289000,289000,289000,838667.0,725332.7999999999,600000,1840000,280000,93778.0,44722.0,531556.0,155250,0
10,2045,Config10,1,1,1,4,14,2,231525.0,289000,235400.0,289000,289000,289000,855667.0,725332.7999999999,540000,1840000,280000,70333.5,33541.5,398667.0,155250,0
11,2045,Config11,1,2,1,4,14,2,47250.0,289000,228700.0,289000,289000,289000,838667.0,815999.3999999999,540000,1840000,280000,93778.0,44722.0,531556.0,155250,0
0,2046,Config0,0,0,0,4,14,2,945000.0,289000,289000.0,289000,289000,289000,906667.0,453333.0,600000,1840000,280000,0.0,0.0,0.0,0,0
1,2046,Config1,1,0,0,4,14,2,945000.0,289000,289000.0,289000,289000,289000,906667.0,543999.6,540000,1840000,280000,0.0,0.0,0.0,0,0
2,2046,Config2,0,1,0,4,14,2,760725.0,289000,282300.0,289000,289000,289000,889667.0,543999.6,600000,1840000,280000,23444.5,11180.5,132889.0,0,0
3,2046,Config3,0,2,0,4,14,2,576450.0,289000,275600.0,289000,289000,289000,872667.0,634666.2,600000,1840000,280000,46889.0,22361.0,265778.0,0,0
4,2046,Config4,0,0,1,4,14,2,415800.0,289000,242100.0,289000,289000,289000,872667.0,543999.6,600000,1840000,280000,46889.0,22361.0,265778.0,155250,0
5,2046,Config5,1,1,0,4,14,2,760725.0,289000,282300.0,289000,289000,289000,889667.0,634666.2,540000,1840000,280000,23444.5,11180.5,132889.0,0,0
6,2046,Config6,1,2,0,4,14,2,576450.0,289000,275600.0,289000,289000,289000,872667.0,725332.7999999999,540000,1840000,280000,46889.0,22361.0,265778.0,0,0
7,2046,Config7,1,0,1,4,14,2,415800.0,289000,242100.0,289000,289000,289000,872667.0,634666.2,540000,1840000,280000,46889.0,22361.0,265778.0,155250,0
8,2046,Config8,0,1,1,4,14,2,231525.0,289000,235400.0,289000,289000,289000,855667.0,634666.2,600000,1840000,280000,70333.5,33541.5,398667.0,155250,0
9,2046,Config9,0,2,1,4,14,2,47250.0,289000,228700.0,289000,289000,289000,838667.0,725332.7999999999,600000,1840000,280000,93778.0,44722.0,531556.0,155250,0
10,2046,Config10,1,1,1,4,14,2,231525.0,289000,235400.0,289000,289000,289000,855667.0,725332.7999999999,540000,1840000,280000,70333.5,33541.5,398667.0,155250,0
11,2046,Config11,1,2,1,4,14,2,47250.0,289000,228700.0,289000,289000,289000,838667.0,815999.3999999999,540000,1840000,280000,93778.0,44722.0,531556.0,155250,0
0,2047,Config0,0,0,0,4,14,2,945000.0,289000,289000.0,289000,289000,289000,906667.0,453333.0,600000,1840000,280000,0.0,0.0,0.0,0,0
1,2047,Config1,1,0,0,4,14,2,945000.0,289000,289000.0,289000,289000,289000,906667.0,543999.6,540000,1840000,280000,0.0,0.0,0.0,0,0
2,2047,Config2,0,1,0,4,14,2,760725.0,289000,282300.0,289000,289000,289000,889667.0,543999.6,600000,1840000,280000,23444.5,11180.5,132889.0,0,0
3,2047,Config3,0,2,0,4,14,2,576450.0,289000,275600.0,289000,289000,289000,872667.0,634666.2,600000,1840000,280000,46889.0,22361.0,265778.0,0,0
4,2047,Config4,0,0,1,4,14,2,415800.0,289000,242100.0,289000,289000,289000,872667.0,543999.6,600000,1840000,280000,46889.0,22361.0,265778.0,155250,0
5,2047,Config5,1,1,0,4,14,2,760725.0,289000,282300.0,289000,289000,289000,889667.0,634666.2,540000,1840000,280000,23444.5,11180.5,132889.0,0,0
6,2047,Config6,1,2,0,4,14,2,576450.0,289000,275600.0,289000,289000,289000,872667.0,725332.7999999999,540000,1840000,280000,46889.0,22361.0,265778.0,0,0
7,2047,Config7,1,0,1,4,14,2,415800.0,289000,242100.0,289000,289000,289000,872667.0,634666.2,540000,1840000,280000,46889.0,22361.0,265778.0,155250,0
8,2047,Config8,0,1,1,4,14,2,231525.0,289000,235400.0,289000,289000,289000,855667.0,634666.2,600000,1840000,280000,70333.5,33541.5,398667.0,155250,0
9,2047,Config9,0,2,1,4,14,2,47250.0,289000,228700.0,289000,289000,289000,838667.0,725332.7999999999,600000,1840000,280000,93778.0,44722.0,531556.0,155250,0
10,2047,Config10,1,1,1,4,14,2,231525.0,289000,235400.0,289000,289000,289000,855667.0,725332.7999999999,540000,1840000,280000,70333.5,33541.5,398667.0,155250,0
11,2047,Config11,1,2,1,4,14,2,47250.0,289000,228700.0,289000,289000,289000,838667.0,815999.3999999999,540000,1840000,280000,93778.0,44722.0,531556.0,155250,0
0,2048,Config0,0,0,0,4,14,2,945000.0,289000,289000.0,289000,289000,289000,906667.0,453333.0,600000,1840000,280000,0.0,0.0,0.0,0,0
1,2048,Config1,1,0,0,4,14,2,945000.0,289000,289000.0,289000,289000,289000,906667.0,543999.6,540000,1840000,280000,0.0,0.0,0.0,0,0
2,2048,Config2,0,1,0,4,14,2,760725.0,289000,282300.0,289000,289000,289000,889667.0,543999.6,600000,1840000,280000,23444.5,11180.5,132889.0,0,0
3,2048,Config3,0,2,0,4,14,2,576450.0,289000,275600.0,289000,289000,289000,872667.0,634666.2,600000,1840000,280000,46889.0,22361.0,265778.0,0,0
4,2048,Config4,0,0,1,4,14,2,415800.0,289000,242100.0,289000,289000,289000,872667.0,543999.6,600000,1840000,280000,46889.0,22361.0,265778.0,155250,0
5,2048,Config5,1,1,0,4,14,2,760725.0,289000,282300.0,289000,289000,289000,889667.0,634666.2,540000,1840000,280000,23444.5,11180.5,132889.0,0,0
6,2048,Config6,1,2,0,4,14,2,576450.0,289000,275600.0,289000,289000,289000,872667.0,725332.7999999999,540000,1840000,280000,46889.0,22361.0,265778.0,0,0
7,2048,Config7,1,0,1,4,14,2,415800.0,289000,242100.0,289000,289000,289000,872667.0,634666.2,540000,1840000,280000,46889.0,22361.0,265778.0,155250,0
8,2048,Config8,0,1,1,4,14,2,231525.0,289000,235400.0,289000,289000,289000,855667.0,634666.2,600000,1840000,280000,70333.5,33541.5,398667.0,155250,0
9,2048,Config9,0,2,1,4,14,2,47250.0,289000,228700.0,289000,289000,289000,838667.0,725332.7999999999,600000,1840000,280000,93778.0,44722.0,531556.0,155250,0
10,2048,Config10,1,1,1,4,14,2,231525.0,289000,235400.0,289000,289000,289000,855667.0,725332.7999999999,540000,1840000,280000,70333.5,33541.5,398667.0,155250,0
11,2048,Config11,1,2,1,4,14,2,47250.0,289000,228700.0,289000,289000,289000,838667.0,815999.3999999999,540000,1840000,280000,93778.0,44722.0,531556.0,155250,0
0,2049,Config0,0,0,0,4,14,2,945000.0,289000,289000.0,289000,289000,289000,906667.0,453333.0,600000,1840000,280000,0.0,0.0,0.0,0,0
1,2049,Config1,1,0,0,4,14,2,945000.0,289000,289000.0,289000,289000,289000,906667.0,543999.6,540000,1840000,280000,0.0,0.0,0.0,0,0
2,2049,Config2,0,1,0,4,14,2,760725.0,289000,282300.0,289000,289000,289000,889667.0,543999.6,600000,1840000,280000,23444.5,11180.5,132889.0,0,0
3,2049,Config3,0,2,0,4,14,2,576450.0,289000,275600.0,289000,289000,289000,872667.0,634666.2,600000,1840000,280000,46889.0,22361.0,265778.0,0,0
4,2049,Config4,0,0,1,4,14,2,415800.0,289000,242100.0,289000,289000,289000,872667.0,543999.6,600000,1840000,280000,46889.0,22361.0,265778.0,155250,0
5,2049,Config5,1,1,0,4,14,2,760725.0,289000,282300.0,289000,289000,289000,889667.0,634666.2,540000,1840000,280000,23444.5,11180.5,132889.0,0,0
6,2049,Config6,1,2,0,4,14,2,576450.0,289000,275600.0,289000,289000,289000,872667.0,725332.7999999999,540000,1840000,280000,46889.0,22361.0,265778.0,0,0
7,2049,Config7,1,0,1,4,14,2,415800.0,289000,242100.0,289000,289000,289000,872667.0,634666.2,540000,1840000,280000,46889.0,22361.0,265778.0,155250,0
8,2049,Config8,0,1,1,4,14,2,231525.0,289000,235400.0,289000,289000,289000,855667.0,634666.2,600000,1840000,280000,70333.5,33541.5,398667.0,155250,0
9,2049,Config9,0,2,1,4,14,2,47250.0,289000,228700.0,289000,289000,289000,838667.0,725332.7999999999,600000,1840000,280000,93778.0,44722.0,531556.0,155250,0
10,2049,Config10,1,1,1,4,14,2,231525.0,289000,235400.0,289000,289000,289000,855667.0,725332.7999999999,540000,1840000,280000,70333.5,33541.5,398667.0,155250,0
11,2049,Config11,1,2,1,4,14,2,47250.0,289000,228700.0,289000,289000,289000,838667.0,815999.3999999999,540000,1840000,280000,93778.0,44722.0,531556.0,155250,0
0,2050,Config0,0,0,0,4,14,2,945000.0,289000,289000.0,289000,289000,289000,906667.0,453333.0,600000,1840000,280000,0.0,0.0,0.0,0,0
1,2050,Config1,1,0,0,4,14,2,945000.0,289000,289000.0,289000,289000,289000,906667.0,543999.6,540000,1840000,280000,0.0,0.0,0.0,0,0
2,2050,Config2,0,1,0,4,14,2,760725.0,289000,282300.0,289000,289000,289000,889667.0,543999.6,600000,1840000,280000,23444.5,11180.5,132889.0,0,0
3,2050,Config3,0,2,0,4,14,2,576450.0,289000,275600.0,289000,289000,289000,872667.0,634666.2,600000,1840000,280000,46889.0,22361.0,265778.0,0,0
4,2050,Config4,0,0,1,4,14,2,415800.0,289000,242100.0,289000,289000,289000,872667.0,543999.6,600000,1840000,280000,46889.0,22361.0,265778.0,155250,0
5,2050,Config5,1,1,0,4,14,2,760725.0,289000,282300.0,289000,289000,289000,889667.0,634666.2,540000,1840000,280000,23444.5,11180.5,132889.0,0,0
6,2050,Config6,1,2,0,4,14,2,576450.0,289000,275600.0,289000,289000,289000,872667.0,725332.7999999999,540000,1840000,280000,46889.0,22361.0,265778.0,0,0
7,2050,Config7,1,0,1,4,14,2,415800.0,289000,242100.0,289000,289000,289000,872667.0,634666.2,540000,1840000,280000,46889.0,22361.0,265778.0,155250,0
8,2050,Config8,0,1,1,4,14,2,231525.0,289000,235400.0,289000,289000,289000,855667.0,634666.2,600000,1840000,280000,70333.5,33541.5,398667.0,155250,0
9,2050,Config9,0,2,1,4,14,2,47250.0,289000,228700.0,289000,289000,289000,838667.0,725332.7999999999,600000,1840000,280000,93778.0,44722.0,531556.0,155250,0
10,2050,Config10,1,1,1,4,14,2,231525.0,289000,235400.0,289000,289000,289000,855667.0,725332.7999999999,540000,1840000,280000,70333.5,33541.5,398667.0,155250,0
11,2050,Config11,1,2,1,4,14,2,47250.0,289000,228700.0,289000,289000,289000,838667.0,815999.3999999999,540000,1840000,280000,93778.0,44722.0,531556.0,155250,0
