,year,config,Berth,Navi,Moni,NaviCrew,EngiCrew,Cook,crew_cost,store_cost,maintenance_cost,insurance_cost,general_cost,dock_cost,material_cost,integrate_cost,add_eq_cost,port_call,fuel_cost_ME,fuel_cost_AE,SCC_Capex,SCC_Opex,SCC_Personal,Mnt_in_port,subsidy,OPEX,CAPEX,VOYEX,AddCost,accident_berth,accident_navi,accident_moni
0,2022,Config0,0,0,0,4,14,2,945000.0,289000,289000.0,289000,289000,289000,906667.0,453333.0,0,600000.0,1840000,280000,0.0,0.0,0.0,0,0,2390000.0,1360000.0,2720000.0,0.0,96.0,78.0,32.0
1,2022,Config1,1,0,0,4,14,2,945000.0,289000,289000.0,289000,289000,289000,906667.0,543999.6,204000,600000.0,1840000,280000,0.0,0.0,0.0,0,0,2390000.0,1654666.6,2720000.0,0.0,96.0,78.0,32.0
2,2022,Config2,0,1,0,4,14,2,852862.5,289000,285650.0,289000,289000,289000,901000.33125,541166.2687499999,170000,600000.0,1840000,280000,23444.5,11180.5,132889.0,0,0,2294512.5,1612166.6,2720000.0,167514.0,96.0,78.0,32.0
3,2022,Config3,0,2,0,4,14,2,945000.0,289000,289000.0,289000,289000,289000,906667.0,634666.2,340000,600000.0,1840000,280000,46889.0,22361.0,265778.0,0,0,2390000.0,1881333.2,2720000.0,335028.0,96.0,78.0,32.0
4,2022,Config4,0,0,1,4,14,2,415800.0,289000,277275.0,289000,289000,289000,901000.33125,541166.2687499999,408000,600000.0,1840000,280000,46889.0,22361.0,265778.0,155250,0,1849075.0,1850166.6,2720000.0,490278.0,96.0,78.0,32.0
5,2022,Config5,1,1,0,4,14,2,852862.5,289000,285650.0,289000,289000,289000,901000.33125,631832.8687499999,374000,600000.0,1840000,280000,23444.5,11180.5,132889.0,0,0,2294512.5,1906833.2,2720000.0,167514.0,96.0,78.0,32.0
6,2022,Config6,1,2,0,4,14,2,945000.0,289000,289000.0,289000,289000,289000,906667.0,725332.7999999999,544000,600000.0,1840000,280000,46889.0,22361.0,265778.0,0,0,2390000.0,2175999.8,2720000.0,335028.0,96.0,78.0,32.0
7,2022,Config7,1,0,1,4,14,2,415800.0,289000,277275.0,289000,289000,289000,901000.33125,631832.8687499999,612000,600000.0,1840000,280000,46889.0,22361.0,265778.0,155250,0,1849075.0,2144833.2,2720000.0,490278.0,96.0,78.0,32.0
8,2022,Config8,0,1,1,4,14,2,323662.5,289000,273925.0,289000,289000,289000,895333.6625000001,628999.5374999999,578000,600000.0,1840000,280000,70333.5,33541.5,398667.0,155250,0,1753587.5,2102333.2,2720000.0,657792.0,96.0,78.0,32.0
9,2022,Config9,0,2,1,4,14,2,368550.0,289000,277275.0,289000,289000,289000,901000.33125,722499.4687499999,748000,600000.0,1840000,280000,93778.0,44722.0,531556.0,155250,0,1801825.0,2371499.8,2720000.0,825306.0,96.0,78.0,32.0
10,2022,Config10,1,1,1,4,14,2,323662.5,289000,273925.0,289000,289000,289000,895333.6625000001,719666.1374999998,782000,600000.0,1840000,280000,70333.5,33541.5,398667.0,155250,0,1753587.5,2396999.8,2720000.0,657792.0,96.0,78.0,32.0
11,2022,Config11,1,2,1,4,14,2,368550.0,289000,277275.0,289000,289000,289000,901000.33125,813166.0687499999,952000,600000.0,1840000,280000,93778.0,44722.0,531556.0,155250,0,1801825.0,2666166.4,2720000.0,825306.0,96.0,78.0,32.0
0,2023,Config0,0,0,0,4,14,2,945000.0,289000,289000.0,289000,289000,289000,906667.0,453333.0,0,600000.0,1840000,280000,0.0,0.0,0.0,0,0,2390000.0,1360000.0,2720000.0,0.0,96.0,78.0,32.0
1,2023,Config1,1,0,0,4,14,2,945000.0,289000,289000.0,289000,289000,289000,906667.0,543999.6,204000,600000.0,1840000,280000,0.0,0.0,0.0,0,0,2390000.0,1654666.6,2720000.0,0.0,96.0,78.0,32.0
2,2023,Config2,0,1,0,4,14,2,852862.5,289000,285650.0,289000,289000,289000,901000.33125,541166.2687499999,170000,600000.0,1840000,280000,23444.5,11180.5,132889.0,0,0,2294512.5,1612166.6,2720000.0,167514.0,96.0,78.0,32.0
3,2023,Config3,0,2,0,4,14,2,945000.0,289000,289000.0,289000,289000,289000,906667.0,634666.2,340000,600000.0,1840000,280000,46889.0,22361.0,265778.0,0,0,2390000.0,1881333.2,2720000.0,335028.0,96.0,78.0,32.0
4,2023,Config4,0,0,1,4,14,2,415800.0,289000,277275.0,289000,289000,289000,901000.33125,541166.2687499999,408000,600000.0,1840000,280000,46889.0,22361.0,265778.0,155250,0,1849075.0,1850166.6,2720000.0,490278.0,96.0,78.0,32.0
5,2023,Config5,1,1,0,4,14,2,852862.5,289000,285650.0,289000,289000,289000,901000.33125,631832.8687499999,374000,600000.0,1840000,280000,23444.5,11180.5,132889.0,0,0,2294512.5,1906833.2,2720000.0,167514.0,96.0,78.0,32.0
6,2023,Config6,1,2,0,4,14,2,945000.0,289000,289000.0,289000,289000,289000,906667.0,725332.7999999999,544000,600000.0,1840000,280000,46889.0,22361.0,265778.0,0,0,2390000.0,2175999.8,2720000.0,335028.0,96.0,78.0,32.0
7,2023,Config7,1,0,1,4,14,2,415800.0,289000,277275.0,289000,289000,289000,901000.33125,631832.8687499999,612000,600000.0,1840000,280000,46889.0,22361.0,265778.0,155250,0,1849075.0,2144833.2,2720000.0,490278.0,96.0,78.0,32.0
8,2023,Config8,0,1,1,4,14,2,323662.5,289000,273925.0,289000,289000,289000,895333.6625000001,628999.5374999999,578000,600000.0,1840000,280000,70333.5,33541.5,398667.0,155250,0,1753587.5,2102333.2,2720000.0,657792.0,96.0,78.0,32.0
9,2023,Config9,0,2,1,4,14,2,368550.0,289000,277275.0,289000,289000,289000,901000.33125,722499.4687499999,748000,600000.0,1840000,280000,93778.0,44722.0,531556.0,155250,0,1801825.0,2371499.8,2720000.0,825306.0,96.0,78.0,32.0
10,2023,Config10,1,1,1,4,14,2,323662.5,289000,273925.0,289000,289000,289000,895333.6625000001,719666.1374999998,782000,600000.0,1840000,280000,70333.5,33541.5,398667.0,155250,0,1753587.5,2396999.8,2720000.0,657792.0,96.0,78.0,32.0
11,2023,Config11,1,2,1,4,14,2,368550.0,289000,277275.0,289000,289000,289000,901000.33125,813166.0687499999,952000,600000.0,1840000,280000,93778.0,44722.0,531556.0,155250,0,1801825.0,2666166.4,2720000.0,825306.0,96.0,78.0,32.0
0,2024,Config0,0,0,0,4,14,2,945000.0,289000,289000.0,289000,289000,289000,906667.0,453333.0,0,600000.0,1840000,280000,0.0,0.0,0.0,0,0,2390000.0,1360000.0,2720000.0,0.0,96.0,78.0,32.0
1,2024,Config1,1,0,0,4,14,2,945000.0,289000,289000.0,289000,289000,289000,906667.0,543999.6,204000,600000.0,1840000,280000,0.0,0.0,0.0,0,0,2390000.0,1654666.6,2720000.0,0.0,96.0,78.0,32.0
2,2024,Config2,0,1,0,4,14,2,852862.5,289000,285650.0,289000,289000,289000,901000.33125,541166.2687499999,170000,600000.0,1840000,280000,23444.5,11180.5,132889.0,0,0,2294512.5,1612166.6,2720000.0,167514.0,96.0,78.0,32.0
3,2024,Config3,0,2,0,4,14,2,945000.0,289000,289000.0,289000,289000,289000,906667.0,634666.2,340000,600000.0,1840000,280000,46889.0,22361.0,265778.0,0,0,2390000.0,1881333.2,2720000.0,335028.0,96.0,78.0,32.0
4,2024,Config4,0,0,1,4,14,2,415800.0,289000,277275.0,289000,289000,289000,901000.33125,541166.2687499999,408000,600000.0,1840000,280000,46889.0,22361.0,265778.0,155250,0,1849075.0,1850166.6,2720000.0,490278.0,96.0,78.0,32.0
5,2024,Config5,1,1,0,4,14,2,852862.5,289000,285650.0,289000,289000,289000,901000.33125,631832.8687499999,374000,600000.0,1840000,280000,23444.5,11180.5,132889.0,0,0,2294512.5,1906833.2,2720000.0,167514.0,96.0,78.0,32.0
6,2024,Config6,1,2,0,4,14,2,945000.0,289000,289000.0,289000,289000,289000,906667.0,725332.7999999999,544000,600000.0,1840000,280000,46889.0,22361.0,265778.0,0,0,2390000.0,2175999.8,2720000.0,335028.0,96.0,78.0,32.0
7,2024,Config7,1,0,1,4,14,2,415800.0,289000,277275.0,289000,289000,289000,901000.33125,631832.8687499999,612000,600000.0,1840000,280000,46889.0,22361.0,265778.0,155250,0,1849075.0,2144833.2,2720000.0,490278.0,96.0,78.0,32.0
8,2024,Config8,0,1,1,4,14,2,323662.5,289000,273925.0,289000,289000,289000,895333.6625000001,628999.5374999999,578000,600000.0,1840000,280000,70333.5,33541.5,398667.0,155250,0,1753587.5,2102333.2,2720000.0,657792.0,96.0,78.0,32.0
9,2024,Config9,0,2,1,4,14,2,368550.0,289000,277275.0,289000,289000,289000,901000.33125,722499.4687499999,748000,600000.0,1840000,280000,93778.0,44722.0,531556.0,155250,0,1801825.0,2371499.8,2720000.0,825306.0,96.0,78.0,32.0
10,2024,Config10,1,1,1,4,14,2,323662.5,289000,273925.0,289000,289000,289000,895333.6625000001,719666.1374999998,782000,600000.0,1840000,280000,70333.5,33541.5,398667.0,155250,0,1753587.5,2396999.8,2720000.0,657792.0,96.0,78.0,32.0
11,2024,Config11,1,2,1,4,14,2,368550.0,289000,277275.0,289000,289000,289000,901000.33125,813166.0687499999,952000,600000.0,1840000,280000,93778.0,44722.0,531556.0,155250,0,1801825.0,2666166.4,2720000.0,825306.0,96.0,78.0,32.0
0,2025,Config0,0,0,0,4,14,2,945000.0,289000,289000.0,289000,289000,289000,906667.0,453333.0,0,600000.0,1840000,280000,0.0,0.0,0.0,0,0,2390000.0,1360000.0,2720000.0,0.0,96.0,78.0,32.0
1,2025,Config1,1,0,0,4,14,2,945000.0,289000,289000.0,289000,289000,289000,906667.0,543999.6,204000,600000.0,1840000,280000,0.0,0.0,0.0,0,0,2390000.0,1654666.6,2720000.0,0.0,96.0,78.0,32.0
2,2025,Config2,0,1,0,4,14,2,852862.5,289000,285650.0,289000,289000,289000,901000.33125,541166.2687499999,170000,600000.0,1840000,280000,23444.5,11180.5,132889.0,0,0,2294512.5,1612166.6,2720000.0,167514.0,96.0,78.0,32.0
3,2025,Config3,0,2,0,4,14,2,945000.0,289000,289000.0,289000,289000,289000,906667.0,634666.2,340000,600000.0,1840000,280000,46889.0,22361.0,265778.0,0,0,2390000.0,1881333.2,2720000.0,335028.0,96.0,78.0,32.0
4,2025,Config4,0,0,1,4,14,2,415800.0,289000,277275.0,289000,289000,289000,901000.33125,541166.2687499999,408000,600000.0,1840000,280000,46889.0,22361.0,265778.0,155250,0,1849075.0,1850166.6,2720000.0,490278.0,96.0,78.0,32.0
5,2025,Config5,1,1,0,4,14,2,852862.5,289000,285650.0,289000,289000,289000,901000.33125,631832.8687499999,374000,600000.0,1840000,280000,23444.5,11180.5,132889.0,0,0,2294512.5,1906833.2,2720000.0,167514.0,96.0,78.0,32.0
6,2025,Config6,1,2,0,4,14,2,945000.0,289000,289000.0,289000,289000,289000,906667.0,725332.7999999999,544000,600000.0,1840000,280000,46889.0,22361.0,265778.0,0,0,2390000.0,2175999.8,2720000.0,335028.0,96.0,78.0,32.0
7,2025,Config7,1,0,1,4,14,2,415800.0,289000,277275.0,289000,289000,289000,901000.33125,631832.8687499999,612000,600000.0,1840000,280000,46889.0,22361.0,265778.0,155250,0,1849075.0,2144833.2,2720000.0,490278.0,96.0,78.0,32.0
8,2025,Config8,0,1,1,4,14,2,323662.5,289000,273925.0,289000,289000,289000,895333.6625000001,628999.5374999999,578000,600000.0,1840000,280000,70333.5,33541.5,398667.0,155250,0,1753587.5,2102333.2,2720000.0,657792.0,96.0,78.0,32.0
9,2025,Config9,0,2,1,4,14,2,368550.0,289000,277275.0,289000,289000,289000,901000.33125,722499.4687499999,748000,600000.0,1840000,280000,93778.0,44722.0,531556.0,155250,0,1801825.0,2371499.8,2720000.0,825306.0,96.0,78.0,32.0
10,2025,Config10,1,1,1,4,14,2,323662.5,289000,273925.0,289000,289000,289000,895333.6625000001,719666.1374999998,782000,600000.0,1840000,280000,70333.5,33541.5,398667.0,155250,0,1753587.5,2396999.8,2720000.0,657792.0,96.0,78.0,32.0
11,2025,Config11,1,2,1,4,14,2,368550.0,289000,277275.0,289000,289000,289000,901000.33125,813166.0687499999,952000,600000.0,1840000,280000,93778.0,44722.0,531556.0,155250,0,1801825.0,2666166.4,2720000.0,825306.0,96.0,78.0,32.0
0,2026,Config0,0,0,0,4,14,2,945000.0,289000,289000.0,289000,289000,289000,906667.0,453333.0,0,600000.0,1840000,280000,0.0,0.0,0.0,0,0,2390000.0,1360000.0,2720000.0,0.0,96.0,78.0,32.0
1,2026,Config1,1,0,0,4,14,2,945000.0,289000,289000.0,289000,289000,289000,906667.0,543999.6,170000,600000.0,1840000,280000,0.0,0.0,0.0,0,0,2390000.0,1620666.6,2720000.0,0.0,96.0,78.0,32.0
2,2026,Config2,0,1,0,4,14,2,760725.0,289000,282300.0,289000,289000,289000,895333.6625,538332.9375,136000,600000.0,1840000,280000,23444.5,11180.5,132889.0,0,0,2199025.0,1569666.6,2720000.0,167514.0,96.0,78.0,32.0
3,2026,Config3,0,2,0,4,14,2,945000.0,289000,289000.0,289000,289000,289000,906667.0,634666.2,272000,600000.0,1840000,280000,46889.0,22361.0,265778.0,0,0,2390000.0,1813333.2,2720000.0,335028.0,96.0,78.0,32.0
4,2026,Config4,0,0,1,4,14,2,415800.0,289000,265550.0,289000,289000,289000,895333.6625,538332.9375,272000,600000.0,1840000,280000,46889.0,22361.0,265778.0,155250,0,1837350.0,1705666.6,2720000.0,490278.0,96.0,78.0,31.55
5,2026,Config5,1,1,0,4,14,2,760725.0,289000,282300.0,289000,289000,289000,895333.6625,628999.5375,306000,600000.0,1840000,280000,23444.5,11180.5,132889.0,0,0,2199025.0,1830333.2,2720000.0,167514.0,96.0,78.0,32.0
6,2026,Config6,1,2,0,4,14,2,945000.0,289000,289000.0,289000,289000,289000,906667.0,725332.7999999999,442000,600000.0,1840000,280000,46889.0,22361.0,265778.0,0,0,2390000.0,2073999.8,2720000.0,335028.0,96.0,78.0,32.0
7,2026,Config7,1,0,1,4,14,2,415800.0,289000,265550.0,289000,289000,289000,895333.6625,628999.5375,442000,600000.0,1840000,280000,46889.0,22361.0,265778.0,155250,0,1837350.0,1966333.2,2720000.0,490278.0,96.0,78.0,31.55
8,2026,Config8,0,1,1,4,14,2,231525.0,289000,258850.0,289000,289000,289000,884000.325,623332.875,408000,600000.0,1840000,280000,70333.5,33541.5,398667.0,155250,0,1646375.0,1915333.2,2720000.0,657792.0,96.0,78.0,31.55
9,2026,Config9,0,2,1,4,14,2,368550.0,289000,265550.0,289000,289000,289000,895333.6625,719666.1375,544000,600000.0,1840000,280000,93778.0,44722.0,531556.0,155250,0,1790100.0,2158999.8,2720000.0,825306.0,96.0,78.0,31.55
10,2026,Config10,1,1,1,4,14,2,231525.0,289000,258850.0,289000,289000,289000,884000.325,713999.475,578000,600000.0,1840000,280000,70333.5,33541.5,398667.0,155250,0,1646375.0,2175999.8,2720000.0,657792.0,96.0,78.0,31.55
11,2026,Config11,1,2,1,4,14,2,368550.0,289000,265550.0,289000,289000,289000,895333.6625,810332.7374999999,714000,600000.0,1840000,280000,93778.0,44722.0,531556.0,155250,0,1790100.0,2419666.4,2720000.0,825306.0,96.0,78.0,31.55
0,2027,Config0,0,0,0,4,14,2,945000.0,289000,289000.0,289000,289000,289000,906667.0,453333.0,0,600000.0,1840000,280000,0.0,0.0,0.0,0,0,2390000.0,1360000.0,2720000.0,0.0,96.0,78.0,32.0
1,2027,Config1,1,0,0,4,14,2,945000.0,289000,289000.0,289000,289000,289000,906667.0,543999.6,170000,600000.0,1840000,280000,0.0,0.0,0.0,0,0,2390000.0,1620666.6,2720000.0,0.0,96.0,78.0,32.0
2,2027,Config2,0,1,0,4,14,2,760725.0,289000,282300.0,289000,289000,289000,895333.6625,538332.9375,136000,600000.0,1840000,280000,23444.5,11180.5,132889.0,0,0,2199025.0,1569666.6,2720000.0,167514.0,96.0,78.0,32.0
3,2027,Config3,0,2,0,4,14,2,945000.0,289000,289000.0,289000,289000,289000,906667.0,634666.2,272000,600000.0,1840000,280000,46889.0,22361.0,265778.0,0,0,2390000.0,1813333.2,2720000.0,335028.0,96.0,78.0,32.0
4,2027,Config4,0,0,1,4,14,2,415800.0,289000,265550.0,289000,289000,289000,895333.6625,508110.7375,272000,600000.0,1840000,280000,46889.0,22361.0,265778.0,155250,0,1837350.0,1675444.4,2720000.0,490278.0,96.0,78.0,23.4926279230675
5,2027,Config5,1,1,0,4,14,2,760725.0,289000,282300.0,289000,289000,289000,895333.6625,628999.5375,306000,600000.0,1840000,280000,23444.5,11180.5,132889.0,0,0,2199025.0,1830333.2,2720000.0,167514.0,96.0,78.0,32.0
6,2027,Config6,1,2,0,4,14,2,945000.0,289000,289000.0,289000,289000,289000,906667.0,725332.7999999999,442000,600000.0,1840000,280000,46889.0,22361.0,265778.0,0,0,2390000.0,2073999.8,2720000.0,335028.0,96.0,78.0,32.0
7,2027,Config7,1,0,1,4,14,2,415800.0,289000,265550.0,289000,289000,289000,895333.6625,598777.3375,442000,600000.0,1840000,280000,46889.0,22361.0,265778.0,155250,0,1837350.0,1936111.0,2720000.0,490278.0,96.0,78.0,23.4926279230675
8,2027,Config8,0,1,1,4,14,2,231525.0,289000,258850.0,289000,289000,289000,884000.325,593110.675,408000,600000.0,1840000,280000,70333.5,33541.5,398667.0,155250,0,1646375.0,1885111.0,2720000.0,657792.0,96.0,78.0,23.4926279230675
9,2027,Config9,0,2,1,4,14,2,368550.0,289000,265550.0,289000,289000,289000,895333.6625,689443.9375,544000,600000.0,1840000,280000,93778.0,44722.0,531556.0,155250,0,1790100.0,2128777.6,2720000.0,825306.0,96.0,78.0,23.4926279230675
10,2027,Config10,1,1,1,4,14,2,231525.0,289000,258850.0,289000,289000,289000,884000.325,683777.275,578000,600000.0,1840000,280000,70333.5,33541.5,398667.0,155250,0,1646375.0,2145777.6,2720000.0,657792.0,96.0,78.0,23.4926279230675
11,2027,Config11,1,2,1,4,14,2,368550.0,289000,265550.0,289000,289000,289000,895333.6625,780110.5375,714000,600000.0,1840000,280000,93778.0,44722.0,531556.0,155250,0,1790100.0,2389444.2,2720000.0,825306.0,96.0,78.0,23.4926279230675
0,2028,Config0,0,0,0,4,14,2,945000.0,289000,289000.0,289000,289000,289000,906667.0,453333.0,0,600000.0,1840000,280000,0.0,0.0,0.0,0,0,2390000.0,1360000.0,2720000.0,0.0,96.0,78.0,32.0
1,2028,Config1,1,0,0,4,14,2,945000.0,289000,289000.0,289000,289000,289000,906667.0,543999.6,170000,600000.0,1840000,280000,0.0,0.0,0.0,0,0,2390000.0,1620666.6,2720000.0,0.0,96.0,78.0,32.0
2,2028,Config2,0,1,0,4,14,2,760725.0,289000,282300.0,289000,289000,289000,895333.6625,538332.9375,136000,600000.0,1840000,280000,23444.5,11180.5,132889.0,0,0,2199025.0,1569666.6,2720000.0,167514.0,96.0,78.0,32.0
3,2028,Config3,0,2,0,4,14,2,945000.0,289000,289000.0,289000,289000,289000,906667.0,634666.2,272000,600000.0,1840000,280000,46889.0,22361.0,265778.0,0,0,2390000.0,1813333.2,2720000.0,335028.0,96.0,78.0,32.0
4,2028,Config4,0,0,1,4,14,2,415800.0,289000,265550.0,289000,289000,289000,895333.6625,477888.5375,272000,600000.0,1840000,280000,46889.0,22361.0,265778.0,155250,0,1837350.0,1645222.2,2720000.0,490278.0,96.0,78.0,21.65589277954924
5,2028,Config5,1,1,0,4,14,2,760725.0,289000,282300.0,289000,289000,289000,895333.6625,628999.5375,306000,600000.0,1840000,280000,23444.5,11180.5,132889.0,0,0,2199025.0,1830333.2,2720000.0,167514.0,96.0,78.0,32.0
6,2028,Config6,1,2,0,4,14,2,945000.0,289000,289000.0,289000,289000,289000,906667.0,725332.7999999999,442000,600000.0,1840000,280000,46889.0,22361.0,265778.0,0,0,2390000.0,2073999.8,2720000.0,335028.0,96.0,78.0,32.0
7,2028,Config7,1,0,1,4,14,2,415800.0,289000,265550.0,289000,289000,289000,895333.6625,568555.1375,442000,600000.0,1840000,280000,46889.0,22361.0,265778.0,155250,0,1837350.0,1905888.8,2720000.0,490278.0,96.0,78.0,21.65589277954924
8,2028,Config8,0,1,1,4,14,2,231525.0,289000,258850.0,289000,289000,289000,884000.325,562888.475,408000,600000.0,1840000,280000,70333.5,33541.5,398667.0,155250,0,1646375.0,1854888.8,2720000.0,657792.0,96.0,78.0,21.65589277954924
9,2028,Config9,0,2,1,4,14,2,368550.0,289000,265550.0,289000,289000,289000,895333.6625,659221.7374999999,544000,600000.0,1840000,280000,93778.0,44722.0,531556.0,155250,0,1790100.0,2098555.4,2720000.0,825306.0,96.0,78.0,21.65589277954924
10,2028,Config10,1,1,1,4,14,2,231525.0,289000,258850.0,289000,289000,289000,884000.325,653555.075,578000,600000.0,1840000,280000,70333.5,33541.5,398667.0,155250,0,1646375.0,2115555.4,2720000.0,657792.0,96.0,78.0,21.65589277954924
11,2028,Config11,1,2,1,4,14,2,368550.0,289000,265550.0,289000,289000,289000,895333.6625,749888.3374999999,714000,600000.0,1840000,280000,93778.0,44722.0,531556.0,155250,0,1790100.0,2359222.0,2720000.0,825306.0,96.0,78.0,21.65589277954924
0,2029,Config0,0,0,0,4,14,2,945000.0,289000,289000.0,289000,289000,289000,906667.0,453333.0,0,600000.0,1840000,280000,0.0,0.0,0.0,0,0,2390000.0,1360000.0,2720000.0,0.0,96.0,78.0,32.0
1,2029,Config1,1,0,0,4,14,2,945000.0,289000,289000.0,289000,289000,289000,906667.0,543999.6,170000,600000.0,1840000,280000,0.0,0.0,0.0,0,0,2390000.0,1620666.6,2720000.0,0.0,96.0,78.0,32.0
2,2029,Config2,0,1,0,4,14,2,760725.0,289000,282300.0,289000,289000,289000,895333.6625,538332.9375,136000,600000.0,1840000,280000,23444.5,11180.5,132889.0,0,0,2199025.0,1569666.6,2720000.0,167514.0,96.0,78.0,32.0
3,2029,Config3,0,2,0,4,14,2,945000.0,289000,289000.0,289000,289000,289000,906667.0,634666.2,272000,600000.0,1840000,280000,46889.0,22361.0,265778.0,0,0,2390000.0,1813333.2,2720000.0,335028.0,96.0,78.0,32.0
4,2029,Config4,0,0,1,4,14,2,415800.0,289000,265550.0,289000,289000,289000,895333.6625,447666.3375,272000,600000.0,1840000,280000,46889.0,22361.0,265778.0,155250,0,1837350.0,1615000.0,2720000.0,490278.0,96.0,78.0,20.56396596532905
5,2029,Config5,1,1,0,4,14,2,760725.0,289000,282300.0,289000,289000,289000,895333.6625,628999.5375,306000,600000.0,1840000,280000,23444.5,11180.5,132889.0,0,0,2199025.0,1830333.2,2720000.0,167514.0,96.0,78.0,32.0
6,2029,Config6,1,2,0,4,14,2,945000.0,289000,289000.0,289000,289000,289000,906667.0,725332.7999999999,442000,600000.0,1840000,280000,46889.0,22361.0,265778.0,0,0,2390000.0,2073999.8,2720000.0,335028.0,96.0,78.0,32.0
7,2029,Config7,1,0,1,4,14,2,415800.0,289000,265550.0,289000,289000,289000,895333.6625,538332.9375,442000,600000.0,1840000,280000,46889.0,22361.0,265778.0,155250,0,1837350.0,1875666.6,2720000.0,490278.0,96.0,78.0,20.56396596532905
8,2029,Config8,0,1,1,4,14,2,231525.0,289000,258850.0,289000,289000,289000,884000.325,532666.275,408000,600000.0,1840000,280000,70333.5,33541.5,398667.0,155250,0,1646375.0,1824666.6,2720000.0,657792.0,96.0,78.0,20.56396596532905
9,2029,Config9,0,2,1,4,14,2,368550.0,289000,265550.0,289000,289000,289000,895333.6625,628999.5375,544000,600000.0,1840000,280000,93778.0,44722.0,531556.0,155250,0,1790100.0,2068333.2,2720000.0,825306.0,96.0,78.0,20.56396596532905
10,2029,Config10,1,1,1,4,14,2,231525.0,289000,258850.0,289000,289000,289000,884000.325,623332.875,578000,600000.0,1840000,280000,70333.5,33541.5,398667.0,155250,0,1646375.0,2085333.2,2720000.0,657792.0,96.0,78.0,20.56396596532905
11,2029,Config11,1,2,1,4,14,2,368550.0,289000,265550.0,289000,289000,289000,895333.6625,719666.1375,714000,600000.0,1840000,280000,93778.0,44722.0,531556.0,155250,0,1790100.0,2328999.8,2720000.0,825306.0,96.0,78.0,20.56396596532905
0,2030,Config0,0,0,0,4,14,2,945000.0,289000,289000.0,289000,289000,289000,906667.0,453333.0,0,600000.0,1840000,280000,0.0,0.0,0.0,0,0,2390000.0,1360000.0,2720000.0,0.0,96.0,78.0,32.0
1,2030,Config1,1,0,0,4,14,2,945000.0,289000,289000.0,289000,289000,289000,906667.0,543999.6,170000,600000.0,1840000,280000,0.0,0.0,0.0,0,0,2390000.0,1620666.6,2720000.0,0.0,96.0,78.0,32.0
2,2030,Config2,0,1,0,4,14,2,760725.0,289000,282300.0,289000,289000,289000,895333.6625,538332.9375,136000,600000.0,1840000,280000,23444.5,11180.5,132889.0,0,0,2199025.0,1569666.6,2720000.0,167514.0,96.0,78.0,32.0
3,2030,Config3,0,2,0,4,14,2,945000.0,289000,289000.0,289000,289000,289000,906667.0,634666.2,272000,600000.0,1840000,280000,46889.0,22361.0,265778.0,0,0,2390000.0,1813333.2,2720000.0,335028.0,96.0,78.0,32.0
4,2030,Config4,0,0,1,4,14,2,415800.0,289000,265550.0,289000,289000,289000,895333.6625,447666.3375,272000,600000.0,1840000,280000,46889.0,22361.0,265778.0,155250,0,1837350.0,1615000.0,2720000.0,490278.0,96.0,78.0,19.7929958744912
5,2030,Config5,1,1,0,4,14,2,760725.0,289000,282300.0,289000,289000,289000,895333.6625,628999.5375,306000,600000.0,1840000,280000,23444.5,11180.5,132889.0,0,0,2199025.0,1830333.2,2720000.0,167514.0,96.0,78.0,32.0
6,2030,Config6,1,2,0,4,14,2,945000.0,289000,289000.0,289000,289000,289000,906667.0,725332.7999999999,442000,600000.0,1840000,280000,46889.0,22361.0,265778.0,0,0,2390000.0,2073999.8,2720000.0,335028.0,96.0,78.0,32.0
7,2030,Config7,1,0,1,4,14,2,415800.0,289000,265550.0,289000,289000,289000,895333.6625,538332.9375,442000,600000.0,1840000,280000,46889.0,22361.0,265778.0,155250,0,1837350.0,1875666.6,2720000.0,490278.0,96.0,78.0,19.7929958744912
8,2030,Config8,0,1,1,4,14,2,231525.0,289000,258850.0,289000,289000,289000,884000.325,532666.275,408000,600000.0,1840000,280000,70333.5,33541.5,398667.0,155250,0,1646375.0,1824666.6,2720000.0,657792.0,96.0,78.0,19.7929958744912
9,2030,Config9,0,2,1,4,14,2,368550.0,289000,265550.0,289000,289000,289000,895333.6625,628999.5375,544000,600000.0,1840000,280000,93778.0,44722.0,531556.0,155250,0,1790100.0,2068333.2,2720000.0,825306.0,96.0,78.0,19.7929958744912
10,2030,Config10,1,1,1,4,14,2,231525.0,289000,258850.0,289000,289000,289000,884000.325,623332.875,578000,600000.0,1840000,280000,70333.5,33541.5,398667.0,155250,0,1646375.0,2085333.2,2720000.0,657792.0,96.0,78.0,19.7929958744912
11,2030,Config11,1,2,1,4,14,2,368550.0,289000,265550.0,289000,289000,289000,895333.6625,719666.1375,714000,600000.0,1840000,280000,93778.0,44722.0,531556.0,155250,0,1790100.0,2328999.8,2720000.0,825306.0,96.0,78.0,19.7929958744912
0,2031,Config0,0,0,0,4,14,2,945000.0,289000,289000.0,289000,289000,289000,906667.0,453333.0,0,600000.0,1840000,280000,0.0,0.0,0.0,0,0,2390000.0,1360000.0,2720000.0,0.0,96.0,78.0,32.0
1,2031,Config1,1,0,0,4,14,2,945000.0,289000,289000.0,289000,289000,289000,906667.0,543999.6,136000,600000.0,1840000,280000,0.0,0.0,0.0,0,0,2390000.0,1586666.6,2720000.0,0.0,96.0,78.0,32.0
2,2031,Config2,0,1,0,4,14,2,760725.0,289000,282300.0,289000,289000,289000,895333.6625,538332.9375,102000,600000.0,1840000,280000,23444.5,11180.5,132889.0,0,0,2199025.0,1535666.6,2720000.0,167514.0,96.0,77.775,32.0
3,2031,Config3,0,2,0,4,14,2,852862.5,289000,285650.0,289000,289000,289000,901000.33125,631832.8687499999,204000,600000.0,1840000,280000,46889.0,22361.0,265778.0,0,0,2294512.5,1736833.2,2720000.0,335028.0,96.0,77.775,32.0
4,2031,Config4,0,0,1,4,14,2,415800.0,289000,242100.0,289000,289000,289000,884000.325,441999.675,136000,600000.0,1840000,280000,46889.0,22361.0,265778.0,155250,0,1813900.0,1462000.0,2720000.0,490278.0,96.0,78.0,18.65337767927491
5,2031,Config5,1,1,0,4,14,2,760725.0,289000,282300.0,289000,289000,289000,895333.6625,628999.5375,238000,600000.0,1840000,280000,23444.5,11180.5,132889.0,0,0,2199025.0,1762333.2,2720000.0,167514.0,96.0,77.775,32.0
6,2031,Config6,1,2,0,4,14,2,852862.5,289000,285650.0,289000,289000,289000,901000.33125,722499.4687499999,340000,600000.0,1840000,280000,46889.0,22361.0,265778.0,0,0,2294512.5,1963499.8,2720000.0,335028.0,96.0,77.775,32.0
7,2031,Config7,1,0,1,4,14,2,415800.0,289000,242100.0,289000,289000,289000,884000.325,532666.275,272000,600000.0,1840000,280000,46889.0,22361.0,265778.0,155250,0,1813900.0,1688666.6,2720000.0,490278.0,96.0,78.0,18.65337767927491
8,2031,Config8,0,1,1,4,14,2,231525.0,289000,235400.0,289000,289000,289000,872666.9874999999,526999.6125,238000,600000.0,1840000,280000,70333.5,33541.5,398667.0,155250,0,1622925.0,1637666.6,2720000.0,657792.0,96.0,77.775,18.65337767927491
9,2031,Config9,0,2,1,4,14,2,276412.5,289000,238750.0,289000,289000,289000,878333.65625,620499.54375,340000,600000.0,1840000,280000,93778.0,44722.0,531556.0,155250,0,1671162.5,1838833.2,2720000.0,825306.0,96.0,77.775,18.65337767927491
10,2031,Config10,1,1,1,4,14,2,231525.0,289000,235400.0,289000,289000,289000,872666.9874999999,617666.2125,374000,600000.0,1840000,280000,70333.5,33541.5,398667.0,155250,0,1622925.0,1864333.2,2720000.0,657792.0,96.0,77.775,18.65337767927491
11,2031,Config11,1,2,1,4,14,2,276412.5,289000,238750.0,289000,289000,289000,878333.65625,711166.1437499999,476000,600000.0,1840000,280000,93778.0,44722.0,531556.0,155250,0,1671162.5,2065499.8,2720000.0,825306.0,96.0,77.775,18.65337767927491
0,2032,Config0,0,0,0,4,14,2,945000.0,289000,289000.0,289000,289000,289000,906667.0,453333.0,0,600000.0,1840000,280000,0.0,0.0,0.0,0,0,2390000.0,1360000.0,2720000.0,0.0,96.0,78.0,32.0
1,2032,Config1,1,0,0,4,14,2,945000.0,289000,289000.0,289000,289000,289000,906667.0,543999.6,136000,600000.0,1840000,280000,0.0,0.0,0.0,0,0,2390000.0,1586666.6,2720000.0,0.0,96.0,78.0,32.0
2,2032,Config2,0,1,0,4,14,2,760725.0,289000,282300.0,289000,289000,289000,895333.6625,523221.8374999999,102000,600000.0,1840000,280000,23444.5,11180.5,132889.0,0,0,2199025.0,1520555.5,2720000.0,167514.0,96.0,69.34449296681824,32.0
3,2032,Config3,0,2,0,4,14,2,852862.5,289000,285650.0,289000,289000,289000,901000.33125,601610.6687499998,204000,600000.0,1840000,280000,46889.0,22361.0,265778.0,0,0,2294512.5,1706611.0,2720000.0,335028.0,96.0,60.91398593363646,32.0
4,2032,Config4,0,0,1,4,14,2,415800.0,289000,242100.0,289000,289000,289000,884000.325,441999.675,136000,600000.0,1840000,280000,46889.0,22361.0,265778.0,155250,0,1813900.0,1462000.0,2720000.0,490278.0,96.0,78.0,18.18906082063896
5,2032,Config5,1,1,0,4,14,2,760725.0,289000,282300.0,289000,289000,289000,895333.6625,613888.4374999999,238000,600000.0,1840000,280000,23444.5,11180.5,132889.0,0,0,2199025.0,1747222.1,2720000.0,167514.0,96.0,69.34449296681824,32.0
6,2032,Config6,1,2,0,4,14,2,852862.5,289000,285650.0,289000,289000,289000,901000.33125,692277.2687499998,340000,600000.0,1840000,280000,46889.0,22361.0,265778.0,0,0,2294512.5,1933277.6,2720000.0,335028.0,96.0,60.91398593363646,32.0
7,2032,Config7,1,0,1,4,14,2,415800.0,289000,242100.0,289000,289000,289000,884000.325,532666.275,272000,600000.0,1840000,280000,46889.0,22361.0,265778.0,155250,0,1813900.0,1688666.6,2720000.0,490278.0,96.0,78.0,18.18906082063896
8,2032,Config8,0,1,1,4,14,2,231525.0,289000,235400.0,289000,289000,289000,872666.9874999999,511888.5124999999,238000,600000.0,1840000,280000,70333.5,33541.5,398667.0,155250,0,1622925.0,1622555.4999999998,2720000.0,657792.0,96.0,69.34449296681824,18.18906082063896
9,2032,Config9,0,2,1,4,14,2,276412.5,289000,238750.0,289000,289000,289000,878333.65625,590277.3437499999,340000,600000.0,1840000,280000,93778.0,44722.0,531556.0,155250,0,1671162.5,1808611.0,2720000.0,825306.0,96.0,60.91398593363646,18.18906082063896
10,2032,Config10,1,1,1,4,14,2,231525.0,289000,235400.0,289000,289000,289000,872666.9874999999,602555.1124999999,374000,600000.0,1840000,280000,70333.5,33541.5,398667.0,155250,0,1622925.0,1849222.1,2720000.0,657792.0,96.0,69.34449296681824,18.18906082063896
11,2032,Config11,1,2,1,4,14,2,276412.5,289000,238750.0,289000,289000,289000,878333.65625,680943.9437499999,476000,600000.0,1840000,280000,93778.0,44722.0,531556.0,155250,0,1671162.5,2035277.6,2720000.0,825306.0,96.0,60.91398593363646,18.18906082063896
0,2033,Config0,0,0,0,4,14,2,945000.0,289000,289000.0,289000,289000,289000,906667.0,453333.0,0,600000.0,1840000,280000,0.0,0.0,0.0,0,0,2390000.0,1360000.0,2720000.0,0.0,96.0,78.0,32.0
1,2033,Config1,1,0,0,4,14,2,945000.0,289000,289000.0,289000,289000,289000,906667.0,543999.6,136000,600000.0,1840000,280000,0.0,0.0,0.0,0,0,2390000.0,1586666.6,2720000.0,0.0,96.0,78.0,32.0
2,2033,Config2,0,1,0,4,14,2,760725.0,289000,282300.0,289000,289000,289000,895333.6625,492999.63750000007,102000,600000.0,1840000,280000,23444.5,11180.5,132889.0,0,0,2199025.0,1490333.3,2720000.0,167514.0,96.0,66.39720422849012,32.0
3,2033,Config3,0,2,0,4,14,2,852862.5,289000,285650.0,289000,289000,289000,901000.33125,541166.26875,204000,600000.0,1840000,280000,46889.0,22361.0,265778.0,0,0,2294512.5,1646166.6,2720000.0,335028.0,96.0,55.01940845698025,32.0
4,2033,Config4,0,0,1,4,14,2,415800.0,289000,242100.0,289000,289000,289000,884000.325,441999.675,136000,600000.0,1840000,280000,46889.0,22361.0,265778.0,155250,0,1813900.0,1462000.0,2720000.0,490278.0,96.0,78.0,17.801131922127094
5,2033,Config5,1,1,0,4,14,2,760725.0,289000,282300.0,289000,289000,289000,895333.6625,583666.2375,238000,600000.0,1840000,280000,23444.5,11180.5,132889.0,0,0,2199025.0,1716999.9,2720000.0,167514.0,96.0,66.39720422849012,32.0
6,2033,Config6,1,2,0,4,14,2,852862.5,289000,285650.0,289000,289000,289000,901000.33125,631832.86875,340000,600000.0,1840000,280000,46889.0,22361.0,265778.0,0,0,2294512.5,1872833.2,2720000.0,335028.0,96.0,55.01940845698025,32.0
7,2033,Config7,1,0,1,4,14,2,415800.0,289000,242100.0,289000,289000,289000,884000.325,532666.275,272000,600000.0,1840000,280000,46889.0,22361.0,265778.0,155250,0,1813900.0,1688666.6,2720000.0,490278.0,96.0,78.0,17.801131922127094
8,2033,Config8,0,1,1,4,14,2,231525.0,289000,235400.0,289000,289000,289000,872666.9874999999,481666.31250000006,238000,600000.0,1840000,280000,70333.5,33541.5,398667.0,155250,0,1622925.0,1592333.3,2720000.0,657792.0,96.0,66.39720422849012,17.801131922127094
9,2033,Config9,0,2,1,4,14,2,276412.5,289000,238750.0,289000,289000,289000,878333.65625,529832.9437500001,340000,600000.0,1840000,280000,93778.0,44722.0,531556.0,155250,0,1671162.5,1748166.6,2720000.0,825306.0,96.0,55.01940845698025,17.801131922127094
10,2033,Config10,1,1,1,4,14,2,231525.0,289000,235400.0,289000,289000,289000,872666.9874999999,572332.9125000001,374000,600000.0,1840000,280000,70333.5,33541.5,398667.0,155250,0,1622925.0,1818999.9,2720000.0,657792.0,96.0,66.39720422849012,17.801131922127094
11,2033,Config11,1,2,1,4,14,2,276412.5,289000,238750.0,289000,289000,289000,878333.65625,620499.5437500001,476000,600000.0,1840000,280000,93778.0,44722.0,531556.0,155250,0,1671162.5,1974833.2,2720000.0,825306.0,96.0,55.01940845698025,17.801131922127094
0,2034,Config0,0,0,0,4,14,2,945000.0,289000,289000.0,289000,289000,289000,906667.0,453333.0,0,600000.0,1840000,280000,0.0,0.0,0.0,0,0,2390000.0,1360000.0,2720000.0,0.0,96.0,78.0,32.0
1,2034,Config1,1,0,0,4,14,2,945000.0,289000,289000.0,289000,289000,289000,906667.0,543999.6,136000,600000.0,1840000,280000,0.0,0.0,0.0,0,0,2390000.0,1586666.6,2720000.0,0.0,96.0,78.0,32.0
2,2034,Config2,0,1,0,4,14,2,760725.0,289000,282300.0,289000,289000,289000,895333.6625,462172.9935,102000,600000.0,1840000,280000,23444.5,11180.5,132889.0,0,0,2199025.0,1459506.656,2720000.0,167514.0,96.0,64.7760713554116,32.0
3,2034,Config3,0,2,0,4,14,2,852862.5,289000,285650.0,289000,289000,289000,901000.33125,479512.9807500001,204000,600000.0,1840000,280000,46889.0,22361.0,265778.0,0,0,2294512.5,1584513.3120000002,2720000.0,335028.0,96.0,51.77714271082319,32.0
4,2034,Config4,0,0,1,4,14,2,415800.0,289000,242100.0,289000,289000,289000,884000.325,441999.675,136000,600000.0,1840000,280000,46889.0,22361.0,265778.0,155250,0,1813900.0,1462000.0,2720000.0,490278.0,96.0,78.0,17.46822872567775
5,2034,Config5,1,1,0,4,14,2,760725.0,289000,282300.0,289000,289000,289000,895333.6625,552839.5935,238000,600000.0,1840000,280000,23444.5,11180.5,132889.0,0,0,2199025.0,1686173.256,2720000.0,167514.0,96.0,64.7760713554116,32.0
6,2034,Config6,1,2,0,4,14,2,852862.5,289000,285650.0,289000,289000,289000,901000.33125,570179.58075,340000,600000.0,1840000,280000,46889.0,22361.0,265778.0,0,0,2294512.5,1811179.912,2720000.0,335028.0,96.0,51.77714271082319,32.0
7,2034,Config7,1,0,1,4,14,2,415800.0,289000,242100.0,289000,289000,289000,884000.325,532666.275,272000,600000.0,1840000,280000,46889.0,22361.0,265778.0,155250,0,1813900.0,1688666.6,2720000.0,490278.0,96.0,78.0,17.46822872567775
8,2034,Config8,0,1,1,4,14,2,231525.0,289000,235400.0,289000,289000,289000,872666.9874999999,450839.6685,238000,600000.0,1840000,280000,70333.5,33541.5,398667.0,155250,0,1622925.0,1561506.656,2720000.0,657792.0,96.0,64.7760713554116,17.46822872567775
9,2034,Config9,0,2,1,4,14,2,276412.5,289000,238750.0,289000,289000,289000,878333.65625,468179.65575,340000,600000.0,1840000,280000,93778.0,44722.0,531556.0,155250,0,1671162.5,1686513.312,2720000.0,825306.0,96.0,51.77714271082319,17.46822872567775
10,2034,Config10,1,1,1,4,14,2,231525.0,289000,235400.0,289000,289000,289000,872666.9874999999,541506.2685,374000,600000.0,1840000,280000,70333.5,33541.5,398667.0,155250,0,1622925.0,1788173.256,2720000.0,657792.0,96.0,64.7760713554116,17.46822872567775
11,2034,Config11,1,2,1,4,14,2,276412.5,289000,238750.0,289000,289000,289000,878333.65625,558846.25575,476000,600000.0,1840000,280000,93778.0,44722.0,531556.0,155250,0,1671162.5,1913179.912,2720000.0,825306.0,96.0,51.77714271082319,17.46822872567775
0,2035,Config0,0,0,0,4,14,2,945000.0,289000,289000.0,289000,289000,289000,906667.0,453333.0,0,600000.0,1840000,280000,0.0,0.0,0.0,0,0,2390000.0,1360000.0,2720000.0,0.0,96.0,78.0,32.0
1,2035,Config1,1,0,0,4,14,2,945000.0,289000,289000.0,289000,289000,289000,906667.0,543999.6,102000,585000.0,1840000,280000,0.0,0.0,0.0,0,0,2390000.0,1552666.6,2705000.0,0.0,95.775,78.0,32.0
2,2035,Config2,0,1,0,4,14,2,760725.0,289000,282300.0,289000,289000,289000,895333.6625,447666.3375,68000,600000.0,1840000,280000,23444.5,11180.5,132889.0,0,0,2199025.0,1411000.0,2720000.0,167514.0,96.0,63.31218255134279,32.0
3,2035,Config3,0,2,0,4,14,2,760725.0,289000,282300.0,289000,289000,289000,895333.6625,447666.3375,136000,600000.0,1840000,280000,46889.0,22361.0,265778.0,0,0,2199025.0,1479000.0,2720000.0,335028.0,96.0,49.29936510268556,32.0
4,2035,Config4,0,0,1,4,14,2,415800.0,289000,242100.0,289000,289000,289000,884000.325,441999.675,136000,600000.0,1840000,280000,46889.0,22361.0,265778.0,155250,0,1813900.0,1462000.0,2720000.0,490278.0,96.0,78.0,17.177459587645178
5,2035,Config5,1,1,0,4,14,2,760725.0,289000,282300.0,289000,289000,289000,895333.6625,538332.9375,170000,585000.0,1840000,280000,23444.5,11180.5,132889.0,0,0,2199025.0,1603666.6,2705000.0,167514.0,95.775,63.31218255134279,32.0
6,2035,Config6,1,2,0,4,14,2,760725.0,289000,282300.0,289000,289000,289000,895333.6625,538332.9375,238000,585000.0,1840000,280000,46889.0,22361.0,265778.0,0,0,2199025.0,1671666.6,2705000.0,335028.0,95.775,49.29936510268556,32.0
7,2035,Config7,1,0,1,4,14,2,415800.0,289000,242100.0,289000,289000,289000,884000.325,532666.275,238000,585000.0,1840000,280000,46889.0,22361.0,265778.0,155250,0,1813900.0,1654666.6,2705000.0,490278.0,95.775,78.0,17.177459587645178
8,2035,Config8,0,1,1,4,14,2,231525.0,289000,235400.0,289000,289000,289000,872666.9874999999,436333.0125,204000,600000.0,1840000,280000,70333.5,33541.5,398667.0,155250,0,1622925.0,1513000.0,2720000.0,657792.0,96.0,63.31218255134279,17.177459587645178
9,2035,Config9,0,2,1,4,14,2,184275.0,289000,235400.0,289000,289000,289000,872666.9874999999,436333.0125,272000,600000.0,1840000,280000,93778.0,44722.0,531556.0,155250,0,1575675.0,1581000.0,2720000.0,825306.0,96.0,49.29936510268556,17.177459587645178
10,2035,Config10,1,1,1,4,14,2,231525.0,289000,235400.0,289000,289000,289000,872666.9874999999,526999.6125,306000,585000.0,1840000,280000,70333.5,33541.5,398667.0,155250,0,1622925.0,1705666.6,2705000.0,657792.0,95.775,63.31218255134279,17.177459587645178
11,2035,Config11,1,2,1,4,14,2,184275.0,289000,235400.0,289000,289000,289000,872666.9874999999,526999.6125,374000,585000.0,1840000,280000,93778.0,44722.0,531556.0,155250,0,1575675.0,1773666.6,2705000.0,825306.0,95.775,49.29936510268556,17.177459587645178
0,2036,Config0,0,0,0,4,14,2,945000.0,289000,289000.0,289000,289000,289000,906667.0,453333.0,0,600000.0,1840000,280000,0.0,0.0,0.0,0,0,2390000.0,1360000.0,2720000.0,0.0,96.0,78.0,32.0
1,2036,Config1,1,0,0,4,14,2,945000.0,289000,289000.0,289000,289000,289000,906667.0,513172.956,102000,585000.0,1840000,280000,0.0,0.0,0.0,0,0,2390000.0,1521839.956,2705000.0,0.0,71.21179121743872,78.0,32.0
2,2036,Config2,0,1,0,4,14,2,760725.0,289000,282300.0,289000,289000,289000,895333.6625,447666.3375,68000,600000.0,1840000,280000,23444.5,11180.5,132889.0,0,0,2199025.0,1411000.0,2720000.0,167514.0,96.0,62.49865232600459,32.0
3,2036,Config3,0,2,0,4,14,2,760725.0,289000,282300.0,289000,289000,289000,895333.6625,447666.3375,136000,600000.0,1840000,280000,46889.0,22361.0,265778.0,0,0,2199025.0,1479000.0,2720000.0,335028.0,96.0,47.67230465200917,32.0
4,2036,Config4,0,0,1,4,14,2,415800.0,289000,242100.0,289000,289000,289000,884000.325,441999.675,136000,600000.0,1840000,280000,46889.0,22361.0,265778.0,155250,0,1813900.0,1462000.0,2720000.0,490278.0,96.0,78.0,16.91989725153688
5,2036,Config5,1,1,0,4,14,2,760725.0,289000,282300.0,289000,289000,289000,895333.6625,507506.2935,170000,585000.0,1840000,280000,23444.5,11180.5,132889.0,0,0,2199025.0,1572839.956,2705000.0,167514.0,71.21179121743872,62.49865232600459,32.0
6,2036,Config6,1,2,0,4,14,2,760725.0,289000,282300.0,289000,289000,289000,895333.6625,507506.2935,238000,585000.0,1840000,280000,46889.0,22361.0,265778.0,0,0,2199025.0,1640839.956,2705000.0,335028.0,71.21179121743872,47.67230465200917,32.0
7,2036,Config7,1,0,1,4,14,2,415800.0,289000,242100.0,289000,289000,289000,884000.325,501839.631,238000,585000.0,1840000,280000,46889.0,22361.0,265778.0,155250,0,1813900.0,1623839.9559999998,2705000.0,490278.0,71.21179121743872,78.0,16.91989725153688
8,2036,Config8,0,1,1,4,14,2,231525.0,289000,235400.0,289000,289000,289000,872666.9874999999,436333.0125,204000,600000.0,1840000,280000,70333.5,33541.5,398667.0,155250,0,1622925.0,1513000.0,2720000.0,657792.0,96.0,62.49865232600459,16.91989725153688
9,2036,Config9,0,2,1,4,14,2,184275.0,289000,235400.0,289000,289000,289000,872666.9874999999,436333.0125,272000,600000.0,1840000,280000,93778.0,44722.0,531556.0,155250,0,1575675.0,1581000.0,2720000.0,825306.0,96.0,47.67230465200917,16.91989725153688
10,2036,Config10,1,1,1,4,14,2,231525.0,289000,235400.0,289000,289000,289000,872666.9874999999,496172.9685,306000,585000.0,1840000,280000,70333.5,33541.5,398667.0,155250,0,1622925.0,1674839.9559999998,2705000.0,657792.0,71.21179121743872,62.49865232600459,16.91989725153688
11,2036,Config11,1,2,1,4,14,2,184275.0,289000,235400.0,289000,289000,289000,872666.9874999999,496172.9685,374000,585000.0,1840000,280000,93778.0,44722.0,531556.0,155250,0,1575675.0,1742839.9559999998,2705000.0,825306.0,71.21179121743872,47.67230465200917,16.91989725153688
0,2037,Config0,0,0,0,4,14,2,945000.0,289000,289000.0,289000,289000,289000,906667.0,453333.0,0,600000.0,1840000,280000,0.0,0.0,0.0,0,0,2390000.0,1360000.0,2720000.0,0.0,96.0,78.0,32.0
1,2037,Config1,1,0,0,4,14,2,945000.0,289000,289000.0,289000,289000,289000,906667.0,482346.312,102000,585000.0,1840000,280000,0.0,0.0,0.0,0,0,2390000.0,1491013.312,2705000.0,0.0,65.64295250002469,78.0,32.0
2,2037,Config2,0,1,0,4,14,2,760725.0,289000,282300.0,289000,289000,289000,895333.6625,447666.3375,68000,600000.0,1840000,280000,23444.5,11180.5,132889.0,0,0,2199025.0,1411000.0,2720000.0,167514.0,96.0,61.85385130789773,32.0
3,2037,Config3,0,2,0,4,14,2,760725.0,289000,282300.0,289000,289000,289000,895333.6625,447666.3375,136000,600000.0,1840000,280000,46889.0,22361.0,265778.0,0,0,2199025.0,1479000.0,2720000.0,335028.0,96.0,46.38270261579546,32.0
4,2037,Config4,0,0,1,4,14,2,415800.0,289000,242100.0,289000,289000,289000,884000.325,441999.675,136000,600000.0,1840000,280000,46889.0,22361.0,265778.0,155250,0,1813900.0,1462000.0,2720000.0,490278.0,96.0,78.0,16.689123954751988
5,2037,Config5,1,1,0,4,14,2,760725.0,289000,282300.0,289000,289000,289000,895333.6625,476679.64950000006,170000,585000.0,1840000,280000,23444.5,11180.5,132889.0,0,0,2199025.0,1542013.312,2705000.0,167514.0,65.64295250002469,61.85385130789773,32.0
6,2037,Config6,1,2,0,4,14,2,760725.0,289000,282300.0,289000,289000,289000,895333.6625,476679.64950000006,238000,585000.0,1840000,280000,46889.0,22361.0,265778.0,0,0,2199025.0,1610013.312,2705000.0,335028.0,65.64295250002469,46.38270261579546,32.0
7,2037,Config7,1,0,1,4,14,2,415800.0,289000,242100.0,289000,289000,289000,884000.325,471012.987,238000,585000.0,1840000,280000,46889.0,22361.0,265778.0,155250,0,1813900.0,1593013.312,2705000.0,490278.0,65.64295250002469,78.0,16.689123954751988
8,2037,Config8,0,1,1,4,14,2,231525.0,289000,235400.0,289000,289000,289000,872666.9874999999,436333.0125,204000,600000.0,1840000,280000,70333.5,33541.5,398667.0,155250,0,1622925.0,1513000.0,2720000.0,657792.0,96.0,61.85385130789773,16.689123954751988
9,2037,Config9,0,2,1,4,14,2,184275.0,289000,235400.0,289000,289000,289000,872666.9874999999,436333.0125,272000,600000.0,1840000,280000,93778.0,44722.0,531556.0,155250,0,1575675.0,1581000.0,2720000.0,825306.0,96.0,46.38270261579546,16.689123954751988
10,2037,Config10,1,1,1,4,14,2,231525.0,289000,235400.0,289000,289000,289000,872666.9874999999,465346.3245000001,306000,585000.0,1840000,280000,70333.5,33541.5,398667.0,155250,0,1622925.0,1644013.312,2705000.0,657792.0,65.64295250002469,61.85385130789773,16.689123954751988
11,2037,Config11,1,2,1,4,14,2,184275.0,289000,235400.0,289000,289000,289000,872666.9874999999,465346.3245000001,374000,585000.0,1840000,280000,93778.0,44722.0,531556.0,155250,0,1575675.0,1712013.312,2705000.0,825306.0,65.64295250002469,46.38270261579546,16.689123954751988
0,2038,Config0,0,0,0,4,14,2,945000.0,289000,289000.0,289000,289000,289000,906667.0,453333.0,0,600000.0,1840000,280000,0.0,0.0,0.0,0,0,2390000.0,1360000.0,2720000.0,0.0,96.0,78.0,32.0
1,2038,Config1,1,0,0,4,14,2,945000.0,289000,289000.0,289000,289000,289000,906667.0,453333.0,102000,585000.0,1840000,280000,0.0,0.0,0.0,0,0,2390000.0,1462000.0,2705000.0,0.0,62.33282103841642,78.0,32.0
2,2038,Config2,0,1,0,4,14,2,760725.0,289000,282300.0,289000,289000,289000,895333.6625,447666.3375,68000,600000.0,1840000,280000,23444.5,11180.5,132889.0,0,0,2199025.0,1411000.0,2720000.0,167514.0,96.0,61.32235097747548,32.0
3,2038,Config3,0,2,0,4,14,2,760725.0,289000,282300.0,289000,289000,289000,895333.6625,447666.3375,136000,600000.0,1840000,280000,46889.0,22361.0,265778.0,0,0,2199025.0,1479000.0,2720000.0,335028.0,96.0,45.319701954950965,32.0
4,2038,Config4,0,0,1,4,14,2,415800.0,289000,242100.0,289000,289000,289000,884000.325,441999.675,136000,600000.0,1840000,280000,46889.0,22361.0,265778.0,155250,0,1813900.0,1462000.0,2720000.0,490278.0,96.0,78.0,16.480382136525254
5,2038,Config5,1,1,0,4,14,2,760725.0,289000,282300.0,289000,289000,289000,895333.6625,447666.3375,170000,585000.0,1840000,280000,23444.5,11180.5,132889.0,0,0,2199025.0,1513000.0,2705000.0,167514.0,62.33282103841642,61.32235097747548,32.0
6,2038,Config6,1,2,0,4,14,2,760725.0,289000,282300.0,289000,289000,289000,895333.6625,447666.3375,238000,585000.0,1840000,280000,46889.0,22361.0,265778.0,0,0,2199025.0,1581000.0,2705000.0,335028.0,62.33282103841642,45.319701954950965,32.0
7,2038,Config7,1,0,1,4,14,2,415800.0,289000,242100.0,289000,289000,289000,884000.325,441999.675,238000,585000.0,1840000,280000,46889.0,22361.0,265778.0,155250,0,1813900.0,1564000.0,2705000.0,490278.0,62.33282103841642,78.0,16.480382136525254
8,2038,Config8,0,1,1,4,14,2,231525.0,289000,235400.0,289000,289000,289000,872666.9874999999,436333.0125,204000,600000.0,1840000,280000,70333.5,33541.5,398667.0,155250,0,1622925.0,1513000.0,2720000.0,657792.0,96.0,61.32235097747548,16.480382136525254
9,2038,Config9,0,2,1,4,14,2,184275.0,289000,235400.0,289000,289000,289000,872666.9874999999,436333.0125,272000,600000.0,1840000,280000,93778.0,44722.0,531556.0,155250,0,1575675.0,1581000.0,2720000.0,825306.0,96.0,45.319701954950965,16.480382136525254
10,2038,Config10,1,1,1,4,14,2,231525.0,289000,235400.0,289000,289000,289000,872666.9874999999,436333.0125,306000,585000.0,1840000,280000,70333.5,33541.5,398667.0,155250,0,1622925.0,1615000.0,2705000.0,657792.0,62.33282103841642,61.32235097747548,16.480382136525254
11,2038,Config11,1,2,1,4,14,2,184275.0,289000,235400.0,289000,289000,289000,872666.9874999999,436333.0125,374000,585000.0,1840000,280000,93778.0,44722.0,531556.0,155250,0,1575675.0,1683000.0,2705000.0,825306.0,62.33282103841642,45.319701954950965,16.480382136525254
0,2039,Config0,0,0,0,4,14,2,945000.0,289000,289000.0,289000,289000,289000,906667.0,453333.0,0,600000.0,1840000,280000,0.0,0.0,0.0,0,0,2390000.0,1360000.0,2720000.0,0.0,96.0,78.0,32.0
1,2039,Config1,1,0,0,4,14,2,945000.0,289000,289000.0,289000,289000,289000,906667.0,453333.0,68000,570000.0,1840000,280000,0.0,0.0,0.0,0,0,2390000.0,1428000.0,2690000.0,0.0,59.71387386680925,78.0,32.0
2,2039,Config2,0,1,0,4,14,2,760725.0,289000,282300.0,289000,289000,289000,895333.6625,447666.3375,34000,600000.0,1840000,280000,23444.5,11180.5,132889.0,0,0,2199025.0,1377000.0,2720000.0,167514.0,96.0,60.16336495887968,32.0
3,2039,Config3,0,2,0,4,14,2,576450.0,289000,275600.0,289000,289000,289000,884000.325,441999.675,68000,600000.0,1840000,280000,46889.0,22361.0,265778.0,0,0,2008050.0,1394000.0,2720000.0,335028.0,96.0,43.90172991775936,32.0
4,2039,Config4,0,0,1,4,14,2,415800.0,289000,242100.0,289000,289000,289000,884000.325,441999.675,136000,600000.0,1840000,280000,46889.0,22361.0,265778.0,155250,0,1813900.0,1462000.0,2720000.0,490278.0,96.0,78.0,16.290053559973575
5,2039,Config5,1,1,0,4,14,2,760725.0,289000,282300.0,289000,289000,289000,895333.6625,447666.3375,102000,570000.0,1840000,280000,23444.5,11180.5,132889.0,0,0,2199025.0,1445000.0,2690000.0,167514.0,59.71387386680925,60.16336495887968,32.0
6,2039,Config6,1,2,0,4,14,2,576450.0,289000,275600.0,289000,289000,289000,884000.325,441999.675,136000,570000.0,1840000,280000,46889.0,22361.0,265778.0,0,0,2008050.0,1462000.0,2690000.0,335028.0,59.71387386680925,43.90172991775936,32.0
7,2039,Config7,1,0,1,4,14,2,415800.0,289000,242100.0,289000,289000,289000,884000.325,441999.675,204000,570000.0,1840000,280000,46889.0,22361.0,265778.0,155250,0,1813900.0,1530000.0,2690000.0,490278.0,59.71387386680925,78.0,16.290053559973575
8,2039,Config8,0,1,1,4,14,2,231525.0,289000,235400.0,289000,289000,289000,872666.9874999999,436333.0125,170000,600000.0,1840000,280000,70333.5,33541.5,398667.0,155250,0,1622925.0,1479000.0,2720000.0,657792.0,96.0,60.16336495887968,16.290053559973575
9,2039,Config9,0,2,1,4,14,2,0.0,289000,228700.0,289000,289000,289000,861333.6499999999,430666.35,204000,600000.0,1840000,280000,93778.0,44722.0,531556.0,155250,0,1384700.0,1496000.0,2720000.0,825306.0,96.0,43.90172991775936,16.290053559973575
10,2039,Config10,1,1,1,4,14,2,231525.0,289000,235400.0,289000,289000,289000,872666.9874999999,436333.0125,238000,570000.0,1840000,280000,70333.5,33541.5,398667.0,155250,0,1622925.0,1547000.0,2690000.0,657792.0,59.71387386680925,60.16336495887968,16.290053559973575
11,2039,Config11,1,2,1,4,14,2,0.0,289000,228700.0,289000,289000,289000,861333.6499999999,430666.35,272000,570000.0,1840000,280000,93778.0,44722.0,531556.0,155250,0,1384700.0,1564000.0,2690000.0,825306.0,59.71387386680925,43.90172991775936,16.290053559973575
0,2040,Config0,0,0,0,4,14,2,945000.0,289000,289000.0,289000,289000,289000,906667.0,453333.0,0,600000.0,1840000,280000,0.0,0.0,0.0,0,0,2390000.0,1360000.0,2720000.0,0.0,96.0,78.0,32.0
1,2040,Config1,1,0,0,4,14,2,945000.0,289000,289000.0,289000,289000,289000,906667.0,453333.0,68000,570000.0,1840000,280000,0.0,0.0,0.0,0,0,2390000.0,1428000.0,2690000.0,0.0,57.92814962396321,78.0,32.0
2,2040,Config2,0,1,0,4,14,2,760725.0,289000,282300.0,289000,289000,289000,895333.6625,447666.3375,34000,600000.0,1840000,280000,23444.5,11180.5,132889.0,0,0,2199025.0,1377000.0,2720000.0,167514.0,96.0,59.77804404502743,32.0
3,2040,Config3,0,2,0,4,14,2,576450.0,289000,275600.0,289000,289000,289000,884000.325,441999.675,68000,600000.0,1840000,280000,46889.0,22361.0,265778.0,0,0,2008050.0,1394000.0,2720000.0,335028.0,96.0,43.13108809005485,32.0
4,2040,Config4,0,0,1,4,14,2,415800.0,289000,242100.0,289000,289000,289000,884000.325,441999.675,136000,600000.0,1840000,280000,46889.0,22361.0,265778.0,155250,0,1813900.0,1462000.0,2720000.0,490278.0,96.0,78.0,16.11532632807439
5,2040,Config5,1,1,0,4,14,2,760725.0,289000,282300.0,289000,289000,289000,895333.6625,447666.3375,102000,570000.0,1840000,280000,23444.5,11180.5,132889.0,0,0,2199025.0,1445000.0,2690000.0,167514.0,57.92814962396321,59.77804404502743,32.0
6,2040,Config6,1,2,0,4,14,2,576450.0,289000,275600.0,289000,289000,289000,884000.325,441999.675,136000,570000.0,1840000,280000,46889.0,22361.0,265778.0,0,0,2008050.0,1462000.0,2690000.0,335028.0,57.92814962396321,43.13108809005485,32.0
7,2040,Config7,1,0,1,4,14,2,415800.0,289000,242100.0,289000,289000,289000,884000.325,441999.675,204000,570000.0,1840000,280000,46889.0,22361.0,265778.0,155250,0,1813900.0,1530000.0,2690000.0,490278.0,57.92814962396321,78.0,16.11532632807439
8,2040,Config8,0,1,1,4,14,2,231525.0,289000,235400.0,289000,289000,289000,872666.9874999999,436333.0125,170000,600000.0,1840000,280000,70333.5,33541.5,398667.0,155250,0,1622925.0,1479000.0,2720000.0,657792.0,96.0,59.77804404502743,16.11532632807439
9,2040,Config9,0,2,1,4,14,2,0.0,289000,228700.0,289000,289000,289000,861333.6499999999,430666.35,204000,600000.0,1840000,280000,93778.0,44722.0,531556.0,155250,0,1384700.0,1496000.0,2720000.0,825306.0,96.0,43.13108809005485,16.11532632807439
10,2040,Config10,1,1,1,4,14,2,231525.0,289000,235400.0,289000,289000,289000,872666.9874999999,436333.0125,238000,570000.0,1840000,280000,70333.5,33541.5,398667.0,155250,0,1622925.0,1547000.0,2690000.0,657792.0,57.92814962396321,59.77804404502743,16.11532632807439
11,2040,Config11,1,2,1,4,14,2,0.0,289000,228700.0,289000,289000,289000,861333.6499999999,430666.35,272000,570000.0,1840000,280000,93778.0,44722.0,531556.0,155250,0,1384700.0,1564000.0,2690000.0,825306.0,57.92814962396321,43.13108809005485,16.11532632807439
0,2041,Config0,0,0,0,4,14,2,945000.0,289000,289000.0,289000,289000,289000,906667.0,453333.0,0,600000.0,1840000,280000,0.0,0.0,0.0,0,0,2390000.0,1360000.0,2720000.0,0.0,96.0,78.0,32.0
1,2041,Config1,1,0,0,4,14,2,945000.0,289000,289000.0,289000,289000,289000,906667.0,453333.0,68000,570000.0,1840000,280000,0.0,0.0,0.0,0,0,2390000.0,1428000.0,2690000.0,0.0,56.486179924236765,78.0,32.0
2,2041,Config2,0,1,0,4,14,2,760725.0,289000,282300.0,289000,289000,289000,895333.6625,447666.3375,34000,600000.0,1840000,280000,23444.5,11180.5,132889.0,0,0,2199025.0,1377000.0,2720000.0,167514.0,96.0,59.43914793157293,32.0
3,2041,Config3,0,2,0,4,14,2,576450.0,289000,275600.0,289000,289000,289000,884000.325,441999.675,68000,600000.0,1840000,280000,46889.0,22361.0,265778.0,0,0,2008050.0,1394000.0,2720000.0,335028.0,96.0,42.45329586314588,32.0
4,2041,Config4,0,0,1,4,14,2,415800.0,289000,242100.0,289000,289000,289000,884000.325,441999.675,136000,600000.0,1840000,280000,46889.0,22361.0,265778.0,155250,0,1813900.0,1462000.0,2720000.0,490278.0,96.0,78.0,15.953974393588116
5,2041,Config5,1,1,0,4,14,2,760725.0,289000,282300.0,289000,289000,289000,895333.6625,447666.3375,102000,570000.0,1840000,280000,23444.5,11180.5,132889.0,0,0,2199025.0,1445000.0,2690000.0,167514.0,56.486179924236765,59.43914793157293,32.0
6,2041,Config6,1,2,0,4,14,2,576450.0,289000,275600.0,289000,289000,289000,884000.325,441999.675,136000,570000.0,1840000,280000,46889.0,22361.0,265778.0,0,0,2008050.0,1462000.0,2690000.0,335028.0,56.486179924236765,42.45329586314588,32.0
7,2041,Config7,1,0,1,4,14,2,415800.0,289000,242100.0,289000,289000,289000,884000.325,441999.675,204000,570000.0,1840000,280000,46889.0,22361.0,265778.0,155250,0,1813900.0,1530000.0,2690000.0,490278.0,56.486179924236765,78.0,15.953974393588116
8,2041,Config8,0,1,1,4,14,2,231525.0,289000,235400.0,289000,289000,289000,872666.9874999999,436333.0125,170000,600000.0,1840000,280000,70333.5,33541.5,398667.0,155250,0,1622925.0,1479000.0,2720000.0,657792.0,96.0,59.43914793157293,15.953974393588116
9,2041,Config9,0,2,1,4,14,2,0.0,289000,228700.0,289000,289000,289000,861333.6499999999,430666.35,204000,600000.0,1840000,280000,93778.0,44722.0,531556.0,155250,0,1384700.0,1496000.0,2720000.0,825306.0,96.0,42.45329586314588,15.953974393588116
10,2041,Config10,1,1,1,4,14,2,231525.0,289000,235400.0,289000,289000,289000,872666.9874999999,436333.0125,238000,570000.0,1840000,280000,70333.5,33541.5,398667.0,155250,0,1622925.0,1547000.0,2690000.0,657792.0,56.486179924236765,59.43914793157293,15.953974393588116
11,2041,Config11,1,2,1,4,14,2,0.0,289000,228700.0,289000,289000,289000,861333.6499999999,430666.35,272000,570000.0,1840000,280000,93778.0,44722.0,531556.0,155250,0,1384700.0,1564000.0,2690000.0,825306.0,56.486179924236765,42.45329586314588,15.953974393588116
0,2042,Config0,0,0,0,4,14,2,945000.0,289000,289000.0,289000,289000,289000,906667.0,453333.0,0,600000.0,1840000,280000,0.0,0.0,0.0,0,0,2390000.0,1360000.0,2720000.0,0.0,96.0,78.0,32.0
1,2042,Config1,1,0,0,4,14,2,945000.0,289000,289000.0,289000,289000,289000,906667.0,453333.0,68000,570000.0,1840000,280000,0.0,0.0,0.0,0,0,2390000.0,1428000.0,2690000.0,0.0,55.2814463062138,78.0,32.0
2,2042,Config2,0,1,0,4,14,2,760725.0,289000,282300.0,289000,289000,289000,895333.6625,447666.3375,34000,600000.0,1840000,280000,23444.5,11180.5,132889.0,0,0,2199025.0,1377000.0,2720000.0,167514.0,96.0,59.13721085633749,32.0
3,2042,Config3,0,2,0,4,14,2,576450.0,289000,275600.0,289000,289000,289000,884000.325,441999.675,68000,600000.0,1840000,280000,46889.0,22361.0,265778.0,0,0,2008050.0,1394000.0,2720000.0,335028.0,96.0,41.84942171267499,32.0
4,2042,Config4,0,0,1,4,14,2,415800.0,289000,242100.0,289000,289000,289000,884000.325,441999.675,136000,600000.0,1840000,280000,46889.0,22361.0,265778.0,155250,0,1813900.0,1462000.0,2720000.0,490278.0,96.0,78.0,15.804207087511177
5,2042,Config5,1,1,0,4,14,2,760725.0,289000,282300.0,289000,289000,289000,895333.6625,447666.3375,102000,570000.0,1840000,280000,23444.5,11180.5,132889.0,0,0,2199025.0,1445000.0,2690000.0,167514.0,55.2814463062138,59.13721085633749,32.0
6,2042,Config6,1,2,0,4,14,2,576450.0,289000,275600.0,289000,289000,289000,884000.325,441999.675,136000,570000.0,1840000,280000,46889.0,22361.0,265778.0,0,0,2008050.0,1462000.0,2690000.0,335028.0,55.2814463062138,41.84942171267499,32.0
7,2042,Config7,1,0,1,4,14,2,415800.0,289000,242100.0,289000,289000,289000,884000.325,441999.675,204000,570000.0,1840000,280000,46889.0,22361.0,265778.0,155250,0,1813900.0,1530000.0,2690000.0,490278.0,55.2814463062138,78.0,15.804207087511177
8,2042,Config8,0,1,1,4,14,2,231525.0,289000,235400.0,289000,289000,289000,872666.9874999999,436333.0125,170000,600000.0,1840000,280000,70333.5,33541.5,398667.0,155250,0,1622925.0,1479000.0,2720000.0,657792.0,96.0,59.13721085633749,15.804207087511177
9,2042,Config9,0,2,1,4,14,2,0.0,289000,228700.0,289000,289000,289000,861333.6499999999,430666.35,204000,600000.0,1840000,280000,93778.0,44722.0,531556.0,155250,0,1384700.0,1496000.0,2720000.0,825306.0,96.0,41.84942171267499,15.804207087511177
10,2042,Config10,1,1,1,4,14,2,231525.0,289000,235400.0,289000,289000,289000,872666.9874999999,436333.0125,238000,570000.0,1840000,280000,70333.5,33541.5,398667.0,155250,0,1622925.0,1547000.0,2690000.0,657792.0,55.2814463062138,59.13721085633749,15.804207087511177
11,2042,Config11,1,2,1,4,14,2,0.0,289000,228700.0,289000,289000,289000,861333.6499999999,430666.35,272000,570000.0,1840000,280000,93778.0,44722.0,531556.0,155250,0,1384700.0,1564000.0,2690000.0,825306.0,55.2814463062138,41.84942171267499,15.804207087511177
0,2043,Config0,0,0,0,4,14,2,945000.0,289000,289000.0,289000,289000,289000,906667.0,453333.0,0,600000.0,1840000,280000,0.0,0.0,0.0,0,0,2390000.0,1360000.0,2720000.0,0.0,96.0,78.0,32.0
1,2043,Config1,1,0,0,4,14,2,945000.0,289000,289000.0,289000,289000,289000,906667.0,453333.0,68000,570000.0,1840000,280000,0.0,0.0,0.0,0,0,2390000.0,1428000.0,2690000.0,0.0,54.249860682485775,78.0,32.0
2,2043,Config2,0,1,0,4,14,2,760725.0,289000,282300.0,289000,289000,289000,895333.6625,447666.3375,34000,600000.0,1840000,280000,23444.5,11180.5,132889.0,0,0,2199025.0,1377000.0,2720000.0,167514.0,96.0,58.86534985258288,32.0
3,2043,Config3,0,2,0,4,14,2,576450.0,289000,275600.0,289000,289000,289000,884000.325,441999.675,68000,600000.0,1840000,280000,46889.0,22361.0,265778.0,0,0,2008050.0,1394000.0,2720000.0,335028.0,96.0,41.305699705165765,32.0
4,2043,Config4,0,0,1,4,14,2,415800.0,289000,242100.0,289000,289000,289000,884000.325,441999.675,136000,600000.0,1840000,280000,46889.0,22361.0,265778.0,155250,0,1813900.0,1462000.0,2720000.0,490278.0,96.0,78.0,15.664563713723997
5,2043,Config5,1,1,0,4,14,2,760725.0,289000,282300.0,289000,289000,289000,895333.6625,447666.3375,102000,570000.0,1840000,280000,23444.5,11180.5,132889.0,0,0,2199025.0,1445000.0,2690000.0,167514.0,54.249860682485775,58.86534985258288,32.0
6,2043,Config6,1,2,0,4,14,2,576450.0,289000,275600.0,289000,289000,289000,884000.325,441999.675,136000,570000.0,1840000,280000,46889.0,22361.0,265778.0,0,0,2008050.0,1462000.0,2690000.0,335028.0,54.249860682485775,41.305699705165765,32.0
7,2043,Config7,1,0,1,4,14,2,415800.0,289000,242100.0,289000,289000,289000,884000.325,441999.675,204000,570000.0,1840000,280000,46889.0,22361.0,265778.0,155250,0,1813900.0,1530000.0,2690000.0,490278.0,54.249860682485775,78.0,15.664563713723997
8,2043,Config8,0,1,1,4,14,2,231525.0,289000,235400.0,289000,289000,289000,872666.9874999999,436333.0125,170000,600000.0,1840000,280000,70333.5,33541.5,398667.0,155250,0,1622925.0,1479000.0,2720000.0,657792.0,96.0,58.86534985258288,15.664563713723997
9,2043,Config9,0,2,1,4,14,2,0.0,289000,228700.0,289000,289000,289000,861333.6499999999,430666.35,204000,600000.0,1840000,280000,93778.0,44722.0,531556.0,155250,0,1384700.0,1496000.0,2720000.0,825306.0,96.0,41.305699705165765,15.664563713723997
10,2043,Config10,1,1,1,4,14,2,231525.0,289000,235400.0,289000,289000,289000,872666.9874999999,436333.0125,238000,570000.0,1840000,280000,70333.5,33541.5,398667.0,155250,0,1622925.0,1547000.0,2690000.0,657792.0,54.249860682485775,58.86534985258288,15.664563713723997
11,2043,Config11,1,2,1,4,14,2,0.0,289000,228700.0,289000,289000,289000,861333.6499999999,430666.35,272000,570000.0,1840000,280000,93778.0,44722.0,531556.0,155250,0,1384700.0,1564000.0,2690000.0,825306.0,54.249860682485775,41.305699705165765,15.664563713723997
0,2044,Config0,0,0,0,4,14,2,945000.0,289000,289000.0,289000,289000,289000,906667.0,453333.0,0,600000.0,1840000,280000,0.0,0.0,0.0,0,0,2390000.0,1360000.0,2720000.0,0.0,96.0,78.0,32.0
1,2044,Config1,1,0,0,4,14,2,945000.0,289000,289000.0,289000,289000,289000,906667.0,453333.0,34000,540000.0,1840000,280000,0.0,0.0,0.0,0,0,2390000.0,1394000.0,2660000.0,0.0,52.84451530447578,78.0,32.0
2,2044,Config2,0,1,0,4,14,2,760725.0,289000,282300.0,289000,289000,289000,895333.6625,447666.3375,34000,600000.0,1840000,280000,23444.5,11180.5,132889.0,0,0,2199025.0,1377000.0,2720000.0,167514.0,96.0,58.61805376334903,32.0
3,2044,Config3,0,2,0,4,14,2,576450.0,289000,275600.0,289000,289000,289000,884000.325,441999.675,68000,600000.0,1840000,280000,46889.0,22361.0,265778.0,0,0,2008050.0,1394000.0,2720000.0,335028.0,96.0,40.81110752669807,32.0
4,2044,Config4,0,0,1,4,14,2,415800.0,289000,242100.0,289000,289000,289000,884000.325,441999.675,136000,600000.0,1840000,280000,46889.0,22361.0,265778.0,155250,0,1813900.0,1462000.0,2720000.0,490278.0,96.0,78.0,15.53370281445705
5,2044,Config5,1,1,0,4,14,2,760725.0,289000,282300.0,289000,289000,289000,895333.6625,447666.3375,68000,540000.0,1840000,280000,23444.5,11180.5,132889.0,0,0,2199025.0,1411000.0,2660000.0,167514.0,52.84451530447578,58.61805376334903,32.0
6,2044,Config6,1,2,0,4,14,2,576450.0,289000,275600.0,289000,289000,289000,884000.325,441999.675,102000,540000.0,1840000,280000,46889.0,22361.0,265778.0,0,0,2008050.0,1428000.0,2660000.0,335028.0,52.84451530447578,40.81110752669807,32.0
7,2044,Config7,1,0,1,4,14,2,415800.0,289000,242100.0,289000,289000,289000,884000.325,441999.675,170000,540000.0,1840000,280000,46889.0,22361.0,265778.0,155250,0,1813900.0,1496000.0,2660000.0,490278.0,52.84451530447578,78.0,15.53370281445705
8,2044,Config8,0,1,1,4,14,2,231525.0,289000,235400.0,289000,289000,289000,872666.9874999999,436333.0125,170000,600000.0,1840000,280000,70333.5,33541.5,398667.0,155250,0,1622925.0,1479000.0,2720000.0,657792.0,96.0,58.61805376334903,15.53370281445705
9,2044,Config9,0,2,1,4,14,2,0.0,289000,228700.0,289000,289000,289000,861333.6499999999,430666.35,204000,600000.0,1840000,280000,93778.0,44722.0,531556.0,155250,0,1384700.0,1496000.0,2720000.0,825306.0,96.0,40.81110752669807,15.53370281445705
10,2044,Config10,1,1,1,4,14,2,231525.0,289000,235400.0,289000,289000,289000,872666.9874999999,436333.0125,204000,540000.0,1840000,280000,70333.5,33541.5,398667.0,155250,0,1622925.0,1513000.0,2660000.0,657792.0,52.84451530447578,58.61805376334903,15.53370281445705
11,2044,Config11,1,2,1,4,14,2,0.0,289000,228700.0,289000,289000,289000,861333.6499999999,430666.35,238000,540000.0,1840000,280000,93778.0,44722.0,531556.0,155250,0,1384700.0,1530000.0,2660000.0,825306.0,52.84451530447578,40.81110752669807,15.53370281445705
0,2045,Config0,0,0,0,4,14,2,945000.0,289000,289000.0,289000,289000,289000,906667.0,453333.0,0,600000.0,1840000,280000,0.0,0.0,0.0,0,0,2390000.0,1360000.0,2720000.0,0.0,96.0,78.0,32.0
1,2045,Config1,1,0,0,4,14,2,945000.0,289000,289000.0,289000,289000,289000,906667.0,453333.0,34000,540000.0,1840000,280000,0.0,0.0,0.0,0,0,2390000.0,1394000.0,2660000.0,0.0,52.05298184797992,78.0,32.0
2,2045,Config2,0,1,0,4,14,2,760725.0,289000,282300.0,289000,289000,289000,895333.6625,447666.3375,34000,600000.0,1840000,280000,23444.5,11180.5,132889.0,0,0,2199025.0,1377000.0,2720000.0,167514.0,96.0,58.39152472628311,32.0
3,2045,Config3,0,2,0,4,14,2,576450.0,289000,275600.0,289000,289000,289000,884000.325,441999.675,68000,600000.0,1840000,280000,46889.0,22361.0,265778.0,0,0,2008050.0,1394000.0,2720000.0,335028.0,96.0,40.35804945256622,32.0
4,2045,Config4,0,0,1,4,14,2,415800.0,289000,242100.0,289000,289000,289000,884000.325,441999.675,136000,600000.0,1840000,280000,46889.0,22361.0,265778.0,155250,0,1813900.0,1462000.0,2720000.0,490278.0,96.0,78.0,15.410660975918798
5,2045,Config5,1,1,0,4,14,2,760725.0,289000,282300.0,289000,289000,289000,895333.6625,447666.3375,68000,540000.0,1840000,280000,23444.5,11180.5,132889.0,0,0,2199025.0,1411000.0,2660000.0,167514.0,52.05298184797992,58.39152472628311,32.0
6,2045,Config6,1,2,0,4,14,2,576450.0,289000,275600.0,289000,289000,289000,884000.325,441999.675,102000,540000.0,1840000,280000,46889.0,22361.0,265778.0,0,0,2008050.0,1428000.0,2660000.0,335028.0,52.05298184797992,40.35804945256622,32.0
7,2045,Config7,1,0,1,4,14,2,415800.0,289000,242100.0,289000,289000,289000,884000.325,441999.675,170000,540000.0,1840000,280000,46889.0,22361.0,265778.0,155250,0,1813900.0,1496000.0,2660000.0,490278.0,52.05298184797992,78.0,15.410660975918798
8,2045,Config8,0,1,1,4,14,2,231525.0,289000,235400.0,289000,289000,289000,872666.9874999999,436333.0125,170000,600000.0,1840000,280000,70333.5,33541.5,398667.0,155250,0,1622925.0,1479000.0,2720000.0,657792.0,96.0,58.39152472628311,15.410660975918798
9,2045,Config9,0,2,1,4,14,2,0.0,289000,228700.0,289000,289000,289000,861333.6499999999,430666.35,204000,600000.0,1840000,280000,93778.0,44722.0,531556.0,155250,0,1384700.0,1496000.0,2720000.0,825306.0,96.0,40.35804945256622,15.410660975918798
10,2045,Config10,1,1,1,4,14,2,231525.0,289000,235400.0,289000,289000,289000,872666.9874999999,436333.0125,204000,540000.0,1840000,280000,70333.5,33541.5,398667.0,155250,0,1622925.0,1513000.0,2660000.0,657792.0,52.05298184797992,58.39152472628311,15.410660975918798
11,2045,Config11,1,2,1,4,14,2,0.0,289000,228700.0,289000,289000,289000,861333.6499999999,430666.35,238000,540000.0,1840000,280000,93778.0,44722.0,531556.0,155250,0,1384700.0,1530000.0,2660000.0,825306.0,52.05298184797992,40.35804945256622,15.410660975918798
0,2046,Config0,0,0,0,4,14,2,945000.0,289000,289000.0,289000,289000,289000,906667.0,453333.0,0,600000.0,1840000,280000,0.0,0.0,0.0,0,0,2390000.0,1360000.0,2720000.0,0.0,96.0,78.0,32.0
1,2046,Config1,1,0,0,4,14,2,945000.0,289000,289000.0,289000,289000,289000,906667.0,453333.0,34000,540000.0,1840000,280000,0.0,0.0,0.0,0,0,2390000.0,1394000.0,2660000.0,0.0,51.34353516440624,78.0,32.0
2,2046,Config2,0,1,0,4,14,2,760725.0,289000,282300.0,289000,289000,289000,895333.6625,447666.3375,34000,600000.0,1840000,280000,23444.5,11180.5,132889.0,0,0,2199025.0,1377000.0,2720000.0,167514.0,96.0,58.18275777659137,32.0
3,2046,Config3,0,2,0,4,14,2,576450.0,289000,275600.0,289000,289000,289000,884000.325,441999.675,68000,600000.0,1840000,280000,46889.0,22361.0,265778.0,0,0,2008050.0,1394000.0,2720000.0,335028.0,96.0,39.94051555318275,32.0
4,2046,Config4,0,0,1,4,14,2,415800.0,289000,242100.0,289000,289000,289000,884000.325,441999.675,136000,600000.0,1840000,280000,46889.0,22361.0,265778.0,155250,0,1813900.0,1462000.0,2720000.0,490278.0,96.0,78.0,15.361273506452696
5,2046,Config5,1,1,0,4,14,2,760725.0,289000,282300.0,289000,289000,289000,895333.6625,447666.3375,68000,540000.0,1840000,280000,23444.5,11180.5,132889.0,0,0,2199025.0,1411000.0,2660000.0,167514.0,51.34353516440624,58.18275777659137,32.0
6,2046,Config6,1,2,0,4,14,2,576450.0,289000,275600.0,289000,289000,289000,884000.325,441999.675,102000,540000.0,1840000,280000,46889.0,22361.0,265778.0,0,0,2008050.0,1428000.0,2660000.0,335028.0,51.34353516440624,39.94051555318275,32.0
7,2046,Config7,1,0,1,4,14,2,415800.0,289000,242100.0,289000,289000,289000,884000.325,441999.675,170000,540000.0,1840000,280000,46889.0,22361.0,265778.0,155250,0,1813900.0,1496000.0,2660000.0,490278.0,51.34353516440624,78.0,15.361273506452696
8,2046,Config8,0,1,1,4,14,2,231525.0,289000,235400.0,289000,289000,289000,872666.9874999999,436333.0125,170000,600000.0,1840000,280000,70333.5,33541.5,398667.0,155250,0,1622925.0,1479000.0,2720000.0,657792.0,96.0,58.18275777659137,15.361273506452696
9,2046,Config9,0,2,1,4,14,2,0.0,289000,228700.0,289000,289000,289000,861333.6499999999,430666.35,204000,600000.0,1840000,280000,93778.0,44722.0,531556.0,155250,0,1384700.0,1496000.0,2720000.0,825306.0,96.0,39.94051555318275,15.361273506452696
10,2046,Config10,1,1,1,4,14,2,231525.0,289000,235400.0,289000,289000,289000,872666.9874999999,436333.0125,204000,540000.0,1840000,280000,70333.5,33541.5,398667.0,155250,0,1622925.0,1513000.0,2660000.0,657792.0,51.34353516440624,58.18275777659137,15.361273506452696
11,2046,Config11,1,2,1,4,14,2,0.0,289000,228700.0,289000,289000,289000,861333.6499999999,430666.35,238000,540000.0,1840000,280000,93778.0,44722.0,531556.0,155250,0,1384700.0,1530000.0,2660000.0,825306.0,51.34353516440624,39.94051555318275,15.361273506452696
0,2047,Config0,0,0,0,4,14,2,945000.0,289000,289000.0,289000,289000,289000,906667.0,453333.0,0,600000.0,1840000,280000,0.0,0.0,0.0,0,0,2390000.0,1360000.0,2720000.0,0.0,96.0,78.0,32.0
1,2047,Config1,1,0,0,4,14,2,945000.0,289000,289000.0,289000,289000,289000,906667.0,453333.0,34000,540000.0,1840000,280000,0.0,0.0,0.0,0,0,2390000.0,1394000.0,2660000.0,0.0,50.7016614210213,78.0,32.0
2,2047,Config2,0,1,0,4,14,2,760725.0,289000,282300.0,289000,289000,289000,895333.6625,447666.3375,34000,600000.0,1840000,280000,23444.5,11180.5,132889.0,0,0,2199025.0,1377000.0,2720000.0,167514.0,96.0,57.98933868259433,32.0
3,2047,Config3,0,2,0,4,14,2,576450.0,289000,275600.0,289000,289000,289000,884000.325,441999.675,68000,600000.0,1840000,280000,46889.0,22361.0,265778.0,0,0,2008050.0,1394000.0,2720000.0,335028.0,96.0,39.55367736518866,32.0
4,2047,Config4,0,0,1,4,14,2,415800.0,289000,242100.0,289000,289000,289000,884000.325,441999.675,136000,600000.0,1840000,280000,46889.0,22361.0,265778.0,155250,0,1813900.0,1462000.0,2720000.0,490278.0,96.0,78.0,15.361273506452697
5,2047,Config5,1,1,0,4,14,2,760725.0,289000,282300.0,289000,289000,289000,895333.6625,447666.3375,68000,540000.0,1840000,280000,23444.5,11180.5,132889.0,0,0,2199025.0,1411000.0,2660000.0,167514.0,50.7016614210213,57.98933868259433,32.0
6,2047,Config6,1,2,0,4,14,2,576450.0,289000,275600.0,289000,289000,289000,884000.325,441999.675,102000,540000.0,1840000,280000,46889.0,22361.0,265778.0,0,0,2008050.0,1428000.0,2660000.0,335028.0,50.7016614210213,39.55367736518866,32.0
7,2047,Config7,1,0,1,4,14,2,415800.0,289000,242100.0,289000,289000,289000,884000.325,441999.675,170000,540000.0,1840000,280000,46889.0,22361.0,265778.0,155250,0,1813900.0,1496000.0,2660000.0,490278.0,50.7016614210213,78.0,15.361273506452697
8,2047,Config8,0,1,1,4,14,2,231525.0,289000,235400.0,289000,289000,289000,872666.9874999999,436333.0125,170000,600000.0,1840000,280000,70333.5,33541.5,398667.0,155250,0,1622925.0,1479000.0,2720000.0,657792.0,96.0,57.98933868259433,15.361273506452697
9,2047,Config9,0,2,1,4,14,2,0.0,289000,228700.0,289000,289000,289000,861333.6499999999,430666.35,204000,600000.0,1840000,280000,93778.0,44722.0,531556.0,155250,0,1384700.0,1496000.0,2720000.0,825306.0,96.0,39.55367736518866,15.361273506452697
10,2047,Config10,1,1,1,4,14,2,231525.0,289000,235400.0,289000,289000,289000,872666.9874999999,436333.0125,204000,540000.0,1840000,280000,70333.5,33541.5,398667.0,155250,0,1622925.0,1513000.0,2660000.0,657792.0,50.7016614210213,57.98933868259433,15.361273506452697
11,2047,Config11,1,2,1,4,14,2,0.0,289000,228700.0,289000,289000,289000,861333.6499999999,430666.35,238000,540000.0,1840000,280000,93778.0,44722.0,531556.0,155250,0,1384700.0,1530000.0,2660000.0,825306.0,50.7016614210213,39.55367736518866,15.361273506452697
0,2048,Config0,0,0,0,4,14,2,945000.0,289000,289000.0,289000,289000,289000,906667.0,453333.0,0,600000.0,1840000,280000,0.0,0.0,0.0,0,0,2390000.0,1360000.0,2720000.0,0.0,96.0,78.0,32.0
1,2048,Config1,1,0,0,4,14,2,945000.0,289000,289000.0,289000,289000,289000,906667.0,453333.0,34000,540000.0,1840000,280000,0.0,0.0,0.0,0,0,2390000.0,1394000.0,2660000.0,0.0,50.11630292665333,78.0,32.0
2,2048,Config2,0,1,0,4,14,2,760725.0,289000,282300.0,289000,289000,289000,895333.6625,447666.3375,34000,600000.0,1840000,280000,23444.5,11180.5,132889.0,0,0,2199025.0,1377000.0,2720000.0,167514.0,96.0,57.809301356322635,32.0
3,2048,Config3,0,2,0,4,14,2,576450.0,289000,275600.0,289000,289000,289000,884000.325,441999.675,68000,600000.0,1840000,280000,46889.0,22361.0,265778.0,0,0,2008050.0,1394000.0,2720000.0,335028.0,96.0,39.193602712645266,32.0
4,2048,Config4,0,0,1,4,14,2,415800.0,289000,242100.0,289000,289000,289000,884000.325,441999.675,136000,600000.0,1840000,280000,46889.0,22361.0,265778.0,155250,0,1813900.0,1462000.0,2720000.0,490278.0,96.0,78.0,15.361273506452697
5,2048,Config5,1,1,0,4,14,2,760725.0,289000,282300.0,289000,289000,289000,895333.6625,447666.3375,68000,540000.0,1840000,280000,23444.5,11180.5,132889.0,0,0,2199025.0,1411000.0,2660000.0,167514.0,50.11630292665333,57.809301356322635,32.0
6,2048,Config6,1,2,0,4,14,2,576450.0,289000,275600.0,289000,289000,289000,884000.325,441999.675,102000,540000.0,1840000,280000,46889.0,22361.0,265778.0,0,0,2008050.0,1428000.0,2660000.0,335028.0,50.11630292665333,39.193602712645266,32.0
7,2048,Config7,1,0,1,4,14,2,415800.0,289000,242100.0,289000,289000,289000,884000.325,441999.675,170000,540000.0,1840000,280000,46889.0,22361.0,265778.0,155250,0,1813900.0,1496000.0,2660000.0,490278.0,50.11630292665333,78.0,15.361273506452697
8,2048,Config8,0,1,1,4,14,2,231525.0,289000,235400.0,289000,289000,289000,872666.9874999999,436333.0125,170000,600000.0,1840000,280000,70333.5,33541.5,398667.0,155250,0,1622925.0,1479000.0,2720000.0,657792.0,96.0,57.809301356322635,15.361273506452697
9,2048,Config9,0,2,1,4,14,2,0.0,289000,228700.0,289000,289000,289000,861333.6499999999,430666.35,204000,600000.0,1840000,280000,93778.0,44722.0,531556.0,155250,0,1384700.0,1496000.0,2720000.0,825306.0,96.0,39.193602712645266,15.361273506452697
10,2048,Config10,1,1,1,4,14,2,231525.0,289000,235400.0,289000,289000,289000,872666.9874999999,436333.0125,204000,540000.0,1840000,280000,70333.5,33541.5,398667.0,155250,0,1622925.0,1513000.0,2660000.0,657792.0,50.11630292665333,57.809301356322635,15.361273506452697
11,2048,Config11,1,2,1,4,14,2,0.0,289000,228700.0,289000,289000,289000,861333.6499999999,430666.35,238000,540000.0,1840000,280000,93778.0,44722.0,531556.0,155250,0,1384700.0,1530000.0,2660000.0,825306.0,50.11630292665333,39.193602712645266,15.361273506452697
0,2049,Config0,0,0,0,4,14,2,945000.0,289000,289000.0,289000,289000,289000,906667.0,453333.0,0,600000.0,1840000,280000,0.0,0.0,0.0,0,0,2390000.0,1360000.0,2720000.0,0.0,96.0,78.0,32.0
1,2049,Config1,1,0,0,4,14,2,945000.0,289000,289000.0,289000,289000,289000,906667.0,453333.0,34000,540000.0,1840000,280000,0.0,0.0,0.0,0,0,2390000.0,1394000.0,2660000.0,0.0,49.57194627364036,78.0,32.0
2,2049,Config2,0,1,0,4,14,2,760725.0,289000,282300.0,289000,289000,289000,895333.6625,447666.3375,34000,600000.0,1840000,280000,23444.5,11180.5,132889.0,0,0,2199025.0,1377000.0,2720000.0,167514.0,96.0,57.639261867239796,32.0
3,2049,Config3,0,2,0,4,14,2,576450.0,289000,275600.0,289000,289000,289000,884000.325,441999.675,68000,600000.0,1840000,280000,46889.0,22361.0,265778.0,0,0,2008050.0,1394000.0,2720000.0,335028.0,96.0,38.8535237344796,32.0
4,2049,Config4,0,0,1,4,14,2,415800.0,289000,242100.0,289000,289000,289000,884000.325,441999.675,136000,600000.0,1840000,280000,46889.0,22361.0,265778.0,155250,0,1813900.0,1462000.0,2720000.0,490278.0,96.0,78.0,15.361273506452697
5,2049,Config5,1,1,0,4,14,2,760725.0,289000,282300.0,289000,289000,289000,895333.6625,447666.3375,68000,540000.0,1840000,280000,23444.5,11180.5,132889.0,0,0,2199025.0,1411000.0,2660000.0,167514.0,49.57194627364036,57.639261867239796,32.0
6,2049,Config6,1,2,0,4,14,2,576450.0,289000,275600.0,289000,289000,289000,884000.325,441999.675,102000,540000.0,1840000,280000,46889.0,22361.0,265778.0,0,0,2008050.0,1428000.0,2660000.0,335028.0,49.57194627364036,38.8535237344796,32.0
7,2049,Config7,1,0,1,4,14,2,415800.0,289000,242100.0,289000,289000,289000,884000.325,441999.675,170000,540000.0,1840000,280000,46889.0,22361.0,265778.0,155250,0,1813900.0,1496000.0,2660000.0,490278.0,49.57194627364036,78.0,15.361273506452697
8,2049,Config8,0,1,1,4,14,2,231525.0,289000,235400.0,289000,289000,289000,872666.9874999999,436333.0125,170000,600000.0,1840000,280000,70333.5,33541.5,398667.0,155250,0,1622925.0,1479000.0,2720000.0,657792.0,96.0,57.639261867239796,15.361273506452697
9,2049,Config9,0,2,1,4,14,2,0.0,289000,228700.0,289000,289000,289000,861333.6499999999,430666.35,204000,600000.0,1840000,280000,93778.0,44722.0,531556.0,155250,0,1384700.0,1496000.0,2720000.0,825306.0,96.0,38.8535237344796,15.361273506452697
10,2049,Config10,1,1,1,4,14,2,231525.0,289000,235400.0,289000,289000,289000,872666.9874999999,436333.0125,204000,540000.0,1840000,280000,70333.5,33541.5,398667.0,155250,0,1622925.0,1513000.0,2660000.0,657792.0,49.57194627364036,57.639261867239796,15.361273506452697
11,2049,Config11,1,2,1,4,14,2,0.0,289000,228700.0,289000,289000,289000,861333.6499999999,430666.35,238000,540000.0,1840000,280000,93778.0,44722.0,531556.0,155250,0,1384700.0,1530000.0,2660000.0,825306.0,49.57194627364036,38.8535237344796,15.361273506452697
0,2050,Config0,0,0,0,4,14,2,945000.0,289000,289000.0,289000,289000,289000,906667.0,453333.0,0,600000.0,1840000,280000,0.0,0.0,0.0,0,0,2390000.0,1360000.0,2720000.0,0.0,96.0,78.0,32.0
1,2050,Config1,1,0,0,4,14,2,945000.0,289000,289000.0,289000,289000,289000,906667.0,453333.0,34000,540000.0,1840000,280000,0.0,0.0,0.0,0,0,2390000.0,1394000.0,2660000.0,0.0,49.06458489029145,78.0,32.0
2,2050,Config2,0,1,0,4,14,2,760725.0,289000,282300.0,289000,289000,289000,895333.6625,447666.3375,34000,600000.0,1840000,280000,23444.5,11180.5,132889.0,0,0,2199025.0,1377000.0,2720000.0,167514.0,96.0,57.47845896610458,32.0
3,2050,Config3,0,2,0,4,14,2,576450.0,289000,275600.0,289000,289000,289000,884000.325,441999.675,68000,600000.0,1840000,280000,46889.0,22361.0,265778.0,0,0,2008050.0,1394000.0,2720000.0,335028.0,96.0,38.531917932209176,32.0
4,2050,Config4,0,0,1,4,14,2,415800.0,289000,242100.0,289000,289000,289000,884000.325,441999.675,136000,600000.0,1840000,280000,46889.0,22361.0,265778.0,155250,0,1813900.0,1462000.0,2720000.0,490278.0,96.0,78.0,15.361273506452697
5,2050,Config5,1,1,0,4,14,2,760725.0,289000,282300.0,289000,289000,289000,895333.6625,447666.3375,68000,540000.0,1840000,280000,23444.5,11180.5,132889.0,0,0,2199025.0,1411000.0,2660000.0,167514.0,49.06458489029145,57.47845896610458,32.0
6,2050,Config6,1,2,0,4,14,2,576450.0,289000,275600.0,289000,289000,289000,884000.325,441999.675,102000,540000.0,1840000,280000,46889.0,22361.0,265778.0,0,0,2008050.0,1428000.0,2660000.0,335028.0,49.06458489029145,38.531917932209176,32.0
7,2050,Config7,1,0,1,4,14,2,415800.0,289000,242100.0,289000,289000,289000,884000.325,441999.675,170000,540000.0,1840000,280000,46889.0,22361.0,265778.0,155250,0,1813900.0,1496000.0,2660000.0,490278.0,49.06458489029145,78.0,15.361273506452697
8,2050,Config8,0,1,1,4,14,2,231525.0,289000,235400.0,289000,289000,289000,872666.9874999999,436333.0125,170000,600000.0,1840000,280000,70333.5,33541.5,398667.0,155250,0,1622925.0,1479000.0,2720000.0,657792.0,96.0,57.47845896610458,15.361273506452697
9,2050,Config9,0,2,1,4,14,2,0.0,289000,228700.0,289000,289000,289000,861333.6499999999,430666.35,204000,600000.0,1840000,280000,93778.0,44722.0,531556.0,155250,0,1384700.0,1496000.0,2720000.0,825306.0,96.0,38.531917932209176,15.361273506452697
10,2050,Config10,1,1,1,4,14,2,231525.0,289000,235400.0,289000,289000,289000,872666.9874999999,436333.0125,204000,540000.0,1840000,280000,70333.5,33541.5,398667.0,155250,0,1622925.0,1513000.0,2660000.0,657792.0,49.06458489029145,57.47845896610458,15.361273506452697
11,2050,Config11,1,2,1,4,14,2,0.0,289000,228700.0,289000,289000,289000,861333.6499999999,430666.35,238000,540000.0,1840000,280000,93778.0,44722.0,531556.0,155250,0,1384700.0,1530000.0,2660000.0,825306.0,49.06458489029145,38.531917932209176,15.361273506452697
